Rk,Gcar,Gtm,Date,Team,Column6,Opp,Result,GS,MP,FG,FGA,FG%,3P,3PA,3P%,2P,2PA,2P%,eFG%,FT,FTA,FT%,ORB,DRB,TRB,AST,STL,BLK,TOV,PF,PTS,GmSc,+/-
60,,65,3/10/2025,ATL,,PHI,"W, 132-123",Did Not Dress,,,,,,,,,,,,,,,,,,,,,,,,,
39,,44,1/24/2024,ATL,@,GSW,"L, 112-134",Inactive,,,,,,,,,,,,,,,,,,,,,,,,,
71,,79,4/4/2023,ATL,@,CHI,"W, 123-105",Inactive,,,,,,,,,,,,,,,,,,,,,,,,,
42,,46,1/27/2025,ATL,@,MIN,"L, 92-100",Inactive,,,,,,,,,,,,,,,,,,,,,,,,,
51,,57,2/25/2024,ATL,,ORL,"W, 109-92",Inactive,,,,,,,,,,,,,,,,,,,,,,,,,
47,,54,2/4/2023,ATL,@,DEN,"L, 108-128",Inactive,,,,,,,,,,,,,,,,,,,,,,,,,
76,,82,4/13/2025,ATL,,ORL,"W, 117-105",Inactive,,,,,,,,,,,,,,,,,,,,,,,,,
51,,58,2/27/2024,ATL,,UTA,"W, 124-97",Inactive,,,,,,,,,,,,,,,,,,,,,,,,,
45,,51,1/30/2023,ATL,@,POR,"L, 125-129",Inactive,,,,,,,,,,,,,,,,,,,,,,,,,
37,,40,1/15/2025,ATL,@,CHI,"W, 110-94",Inactive,,,,,,,,,,,,,,,,,,,,,,,,,
51,,59,2/29/2024,ATL,@,BRK,"L, 97-124",Inactive,,,,,,,,,,,,,,,,,,,,,,,,,
73,,82,4/9/2023,ATL,@,BOS,"L, 114-120",Inactive,,,,,,,,,,,,,,,,,,,,,,,,,
27,,29,12/21/2024,ATL,,MEM,"L, 112-128",Inactive,,,,,,,,,,,,,,,,,,,,,,,,,
51,,60,3/2/2024,ATL,@,BRK,"L, 102-114",Inactive,,,,,,,,,,,,,,,,,,,,,,,,,
36,,41,1/11/2023,ATL,,MIL,"L, 105-114",Inactive,,,,,,,,,,,,,,,,,,,,,,,,,
11,,12,11/12/2024,ATL,@,BOS,"W, 117-116",Inactive,,,,,,,,,,,,,,,,,,,,,,,,,
51,,61,3/5/2024,ATL,@,NYK,"W, 116-100",Inactive,,,,,,,,,,,,,,,,,,,,,,,,,
31,,35,12/28/2022,ATL,,BRK,"L, 107-108",Inactive,,,,,,,,,,,,,,,,,,,,,,,,,
19,,21,12/8/2023,ATL,@,PHI,"L, 114-125",Inactive,,,,,,,,,,,,,,,,,,,,,,,,,
25,,28,12/12/2022,ATL,@,MEM,"L, 103-128",Inactive,,,,,,,,,,,,,,,,,,,,,,,,,
51,,62,3/6/2024,ATL,,CLE,"W, 112-101",Inactive,,,,,,,,,,,,,,,,,,,,,,,,,
21,,23,12/2/2022,ATL,,DEN,"W, 117-109",Did Not Dress,,,,,,,,,,,,,,,,,,,,,,,,,
51,,63,3/8/2024,ATL,@,MEM,"W, 99-92",Inactive,,,,,,,,,,,,,,,,,,,,,,,,,
9,,10,11/7/2022,ATL,,MIL,"W, 117-98",Did Not Dress,,,,,,,,,,,,,,,,,,,,,,,,,
51,,64,3/10/2024,ATL,,NOP,"L, 103-116",Inactive,,,,,,,,,,,,,,,,,,,,,,,,,
51,,65,3/13/2024,ATL,@,POR,"L, 102-106",Inactive,,,,,,,,,,,,,,,,,,,,,,,,,
51,,66,3/15/2024,ATL,@,UTA,"L, 122-124",Inactive,,,,,,,,,,,,,,,,,,,,,,,,,
39,,43,1/22/2024,ATL,@,SAC,"L, 107-122",Inactive,,,,,,,,,,,,,,,,,,,,,,,,,
51,,67,3/17/2024,ATL,@,LAC,"W, 110-93",Did Not Dress,,,,,,,,,,,,,,,,,,,,,,,,,
51,,69,3/21/2024,ATL,@,PHO,"L, 115-128",Did Not Dress,,,,,,,,,,,,,,,,,,,,,,,,,
51,,70,3/23/2024,ATL,,CHO,"W, 132-91",Did Not Dress,,,,,,,,,,,,,,,,,,,,,,,,,
51,,71,3/25/2024,ATL,,BOS,"W, 120-118",Did Not Dress,,,,,,,,,,,,,,,,,,,,,,,,,
9,,10,11/14/2023,ATL,@,DET,"W, 126-120",Inactive,,,,,,,,,,,,,,,,,,,,,,,,,
51,,72,3/27/2024,ATL,,POR,"W, 120-106",Did Not Dress,,,,,,,,,,,,,,,,,,,,,,,,,
51,,73,3/28/2024,ATL,,BOS,"W, 123-122 (OT)",Did Not Dress,,,,,,,,,,,,,,,,,,,,,,,,,
51,,74,3/30/2024,ATL,,MIL,"L, 113-122",Did Not Dress,,,,,,,,,,,,,,,,,,,,,,,,,
51,,75,4/1/2024,ATL,@,CHI,"W, 113-101",Inactive,,,,,,,,,,,,,,,,,,,,,,,,,
51,,76,4/3/2024,ATL,,DET,"W, 121-113",Inactive,,,,,,,,,,,,,,,,,,,,,,,,,
51,,77,4/4/2024,ATL,@,DAL,"L, 95-109",Inactive,,,,,,,,,,,,,,,,,,,,,,,,,
51,,78,4/6/2024,ATL,@,DEN,"L, 110-142",Inactive,,,,,,,,,,,,,,,,,,,,,,,,,
51,,79,4/9/2024,ATL,,MIA,"L, 111-117 (2OT)",Inactive,,,,,,,,,,,,,,,,,,,,,,,,,
51,,68,3/18/2024,ATL,@,LAL,"L, 105-136",Did Not Dress,,,,,,,,,,,,,,,,,,,,,,,,,
38,,41,1/19/2024,ATL,@,MIA,"W, 109-108",Inactive,,,,,,,,,,,,,,,,,,,,,,,,,
1,281,1,10/19/2022,ATL,,HOU,"W, 117-107",*,1.579166667,7,22,0.318,1,9,0.111,6,13,0.462,0.341,8,8,1,0,3,3,13,1,1,3,1,23,18.7,16
2,282,2,10/21/2022,ATL,,ORL,"W, 108-98",*,1.556944444,7,24,0.292,4,11,0.364,3,13,0.231,0.375,7,7,1,2,2,4,13,0,0,6,3,25,14.9,5
3,283,3,10/23/2022,ATL,,CHO,"L, 109-126",*,1.386805556,9,25,0.36,2,8,0.25,7,17,0.412,0.4,8,9,0.889,2,3,5,9,0,0,1,4,28,19.7,-6
4,284,4,10/26/2022,ATL,@,DET,"W, 118-113",*,1.572222222,9,21,0.429,1,7,0.143,8,14,0.571,0.452,16,17,0.941,0,3,3,6,1,0,1,2,35,27.8,10
5,285,5,10/28/2022,ATL,@,DET,"W, 136-112",*,1.254861111,12,20,0.6,4,6,0.667,8,14,0.571,0.7,8,10,0.8,1,1,2,12,0,0,1,1,36,34,12
6,286,6,10/29/2022,ATL,@,MIL,"L, 115-123",*,1.518055556,15,32,0.469,5,10,0.5,10,22,0.455,0.547,7,7,1,1,5,6,5,0,0,2,1,42,28.9,-13
7,287,7,10/31/2022,ATL,@,TOR,"L, 109-139",*,1.352083333,3,13,0.231,1,5,0.2,2,8,0.25,0.269,7,8,0.875,0,0,0,10,1,0,10,0,14,3.7,-29
8,288,8,11/2/2022,ATL,@,NYK,"W, 112-99",*,1.161111111,7,22,0.318,2,7,0.286,5,15,0.333,0.364,1,2,0.5,1,5,6,7,1,0,1,1,17,10.7,17
9,289,9,11/5/2022,ATL,,NOP,"W, 124-121 (OT)",*,1.764583333,9,26,0.346,2,9,0.222,7,17,0.412,0.385,14,15,0.933,1,0,1,10,2,1,5,3,34,23.2,-6
10,290,11,11/9/2022,ATL,,UTA,"L, 119-125",*,1.489583333,10,28,0.357,2,5,0.4,8,23,0.348,0.393,0,0,,1,3,4,9,2,0,2,0,22,14.3,8
11,291,12,11/10/2022,ATL,,PHI,"W, 104-95",*,1.377777778,7,21,0.333,2,8,0.25,5,13,0.385,0.381,10,10,1,1,2,3,7,1,0,6,0,26,15.3,16
12,292,13,11/12/2022,ATL,@,PHI,"L, 109-121",*,1.572916667,8,18,0.444,2,7,0.286,6,11,0.545,0.5,9,12,0.75,1,0,1,11,1,0,7,1,27,18.4,-5
13,293,14,11/14/2022,ATL,@,MIL,"W, 121-106",*,1.406944444,7,19,0.368,2,5,0.4,5,14,0.357,0.421,5,5,1,0,3,3,9,1,0,2,0,21,16.7,10
14,294,15,11/16/2022,ATL,,BOS,"L, 101-126",*,1.279166667,10,23,0.435,2,7,0.286,8,16,0.5,0.478,5,6,0.833,1,4,5,9,1,0,1,1,27,22.3,-10
15,295,16,11/19/2022,ATL,,TOR,"W, 124-122 (OT)",*,1.738888889,12,21,0.571,2,4,0.5,10,17,0.588,0.619,7,9,0.778,1,2,3,12,1,1,2,3,33,30.5,11
16,296,17,11/21/2022,ATL,@,CLE,"L, 102-114",*,1.477083333,10,22,0.455,1,7,0.143,9,15,0.6,0.477,4,6,0.667,0,2,2,10,1,0,6,1,25,15,-19
17,297,18,11/23/2022,ATL,,SAC,"W, 115-106",*,1.442361111,11,19,0.579,4,7,0.571,7,12,0.583,0.684,9,9,1,0,1,1,7,0,0,4,2,35,26.5,13
18,298,19,11/25/2022,ATL,@,HOU,"L, 122-128",*,1.565277778,13,28,0.464,4,10,0.4,9,18,0.5,0.536,14,16,0.875,0,0,0,5,1,0,4,4,44,27.7,-6
19,299,20,11/27/2022,ATL,,MIA,"L, 98-106",*,1.600694444,4,16,0.25,1,8,0.125,3,8,0.375,0.281,13,13,1,3,2,5,14,1,0,3,1,22,22.5,2
20,300,21,11/28/2022,ATL,@,PHI,"L, 101-104",*,1.419444444,6,14,0.429,1,4,0.25,5,10,0.5,0.464,5,5,1,1,1,2,10,0,0,3,0,18,15.6,-7
21,301,22,11/30/2022,ATL,@,ORL,"W, 125-108",*,1.509027778,12,23,0.522,2,11,0.182,10,12,0.833,0.565,4,5,0.8,0,2,2,14,0,0,2,0,30,26.7,24
22,302,24,12/5/2022,ATL,,OKC,"L, 114-121",*,1.527777778,6,19,0.316,1,7,0.143,5,12,0.417,0.342,10,11,0.909,0,3,3,10,0,0,4,1,23,15.2,-11
23,303,25,12/7/2022,ATL,@,NYK,"L, 89-113",*,1.252083333,9,20,0.45,0,4,0,9,16,0.563,0.45,1,2,0.5,1,3,4,6,0,0,4,0,19,10,-26
24,304,26,12/9/2022,ATL,@,BRK,"L, 116-120",*,1.555555556,12,25,0.48,2,7,0.286,10,18,0.556,0.52,7,7,1,0,0,0,9,3,1,8,2,33,21.5,-6
25,305,27,12/11/2022,ATL,,CHI,"W, 123-122 (OT)",*,1.76875,5,18,0.278,2,8,0.25,3,10,0.3,0.333,7,9,0.778,0,2,2,14,0,0,6,4,19,10.4,7
26,306,29,12/14/2022,ATL,@,ORL,"L, 124-135",*,1.613888889,6,15,0.4,1,5,0.2,5,10,0.5,0.433,6,7,0.857,1,2,3,16,0,0,5,3,19,16.8,-17
27,307,30,12/16/2022,ATL,@,CHO,"W, 125-106",*,1.402083333,8,18,0.444,2,5,0.4,6,13,0.462,0.5,13,14,0.929,0,1,1,9,1,0,4,1,31,24.4,3
28,308,31,12/19/2022,ATL,,ORL,"W, 126-125",*,1.511805556,11,22,0.5,3,7,0.429,8,15,0.533,0.568,12,12,1,1,2,3,13,0,0,4,1,37,32,4
29,309,32,12/21/2022,ATL,,CHI,"L, 108-110",*,1.5875,9,24,0.375,7,14,0.5,2,10,0.2,0.521,9,9,1,2,4,6,6,1,0,5,1,34,23.2,2
30,310,33,12/23/2022,ATL,,DET,"W, 130-105",*,1.295138889,9,15,0.6,3,7,0.429,6,8,0.75,0.7,5,8,0.625,0,2,2,13,2,0,1,0,26,28.6,17
31,311,34,12/27/2022,ATL,@,IND,"L, 114-129",*,1.420833333,5,15,0.333,3,6,0.5,2,9,0.222,0.433,9,10,0.9,0,3,3,10,0,1,4,1,22,17.3,-15
32,312,36,12/30/2022,ATL,,LAL,"L, 121-130",*,1.50625,11,24,0.458,0,4,0,11,20,0.55,0.458,7,9,0.778,2,1,3,8,1,0,4,4,29,18.5,-9
33,313,37,1/2/2023,ATL,@,GSW,"L, 141-143 (2OT)",*,1.813194444,8,22,0.364,3,10,0.3,5,12,0.417,0.432,11,13,0.846,1,6,7,14,1,0,4,2,30,25.5,-8
34,314,38,1/4/2023,ATL,@,SAC,"W, 120-117",*,1.325694444,7,12,0.583,1,2,0.5,6,10,0.6,0.625,6,7,0.857,0,0,0,6,1,0,5,2,21,14.4,6
35,315,39,1/6/2023,ATL,@,LAL,"L, 114-130",*,1.425694444,12,24,0.5,2,8,0.25,10,16,0.625,0.542,6,7,0.857,1,4,5,9,3,0,6,2,32,24,2
36,316,40,1/8/2023,ATL,@,LAC,"W, 112-108",*,1.4375,9,17,0.529,3,6,0.5,6,11,0.545,0.618,9,9,1,0,2,2,8,1,0,4,3,30,23.7,11
37,317,42,1/13/2023,ATL,@,IND,"W, 113-111",*,1.5375,6,16,0.375,6,10,0.6,0,6,0,0.563,8,9,0.889,0,2,2,11,0,0,2,0,26,23.1,20
38,318,43,1/14/2023,ATL,@,TOR,"W, 114-103",*,1.571527778,9,17,0.529,2,5,0.4,7,12,0.583,0.588,9,9,1,0,0,0,9,2,1,3,2,29,25.9,15
39,319,44,1/16/2023,ATL,,MIA,"W, 121-113",*,1.499305556,6,13,0.462,3,6,0.5,3,7,0.429,0.577,9,11,0.818,0,3,3,8,4,0,10,4,24,15.4,1
40,320,45,1/18/2023,ATL,@,DAL,"W, 130-122",*,1.452777778,5,11,0.455,0,1,0,5,10,0.5,0.455,8,8,1,0,4,4,12,3,0,4,0,18,20.9,0
41,321,46,1/20/2023,ATL,,NYK,"W, 139-124",*,1.354861111,9,21,0.429,1,7,0.143,8,14,0.571,0.452,8,8,1,1,0,1,6,1,0,4,1,27,17.4,11
42,322,47,1/21/2023,ATL,,CHO,"L, 118-122",*,1.568055556,9,22,0.409,0,4,0,9,18,0.5,0.409,7,9,0.778,0,5,5,12,0,0,6,2,25,15.5,8
43,323,48,1/23/2023,ATL,@,CHI,"L, 100-111",*,1.565972222,7,16,0.438,0,5,0,7,11,0.636,0.438,7,10,0.7,1,2,3,13,0,0,6,1,21,15.4,6
44,324,49,1/25/2023,ATL,@,OKC,"W, 137-132",*,1.444444444,10,20,0.5,3,6,0.5,7,14,0.5,0.575,10,11,0.909,0,3,3,11,0,0,5,0,33,26.2,-11
45,325,50,1/28/2023,ATL,,LAC,"L, 113-120",*,1.501388889,10,21,0.476,0,2,0,10,19,0.526,0.476,11,14,0.786,2,3,5,10,1,0,5,2,31,23.6,0
46,326,52,2/1/2023,ATL,@,PHO,"W, 132-100",*,1.131944444,8,17,0.471,3,3,1,5,14,0.357,0.559,1,1,1,0,1,1,12,1,0,4,1,20,16.6,21
47,327,53,2/3/2023,ATL,@,UTA,"W, 115-108",*,1.425,10,19,0.526,2,8,0.25,8,11,0.727,0.579,5,7,0.714,2,2,4,6,2,1,2,2,27,23,4
48,328,55,2/7/2023,ATL,@,NOP,"L, 107-116",*,1.486111111,4,14,0.286,2,8,0.25,2,6,0.333,0.357,6,6,1,1,2,3,16,1,0,4,4,16,15.7,-13
49,329,56,2/9/2023,ATL,,PHO,"W, 116-107",*,1.593055556,10,18,0.556,5,8,0.625,5,10,0.5,0.694,11,12,0.917,3,4,7,12,2,0,9,2,36,30.9,15
50,330,57,2/11/2023,ATL,,SAS,"W, 125-106",*,1.359027778,9,19,0.474,2,5,0.4,7,14,0.5,0.526,4,4,1,1,3,4,17,1,1,5,0,24,24.5,24
51,331,58,2/13/2023,ATL,@,CHO,"L, 138-144",*,1.449305556,7,18,0.389,2,7,0.286,5,11,0.455,0.444,9,9,1,1,1,2,14,2,0,5,1,25,22.6,-1
52,332,59,2/15/2023,ATL,,NYK,"L, 101-122",*,1.3125,4,14,0.286,1,6,0.167,3,8,0.375,0.321,10,13,0.769,0,1,1,11,4,0,1,0,19,20.6,-13
53,333,60,2/24/2023,ATL,,CLE,"W, 136-119",*,1.347222222,8,18,0.444,4,7,0.571,4,11,0.364,0.556,14,15,0.933,0,3,3,9,1,0,2,3,34,29.2,16
54,334,61,2/26/2023,ATL,,BRK,"W, 129-127",*,1.408333333,12,26,0.462,1,5,0.2,11,21,0.524,0.481,9,9,1,1,2,3,8,2,0,4,2,34,24.7,-9
55,335,62,2/28/2023,ATL,,WAS,"L, 116-119",*,1.423611111,11,26,0.423,2,6,0.333,9,20,0.45,0.462,7,8,0.875,1,1,2,7,0,1,4,2,31,18.6,-8
56,336,63,3/3/2023,ATL,,POR,"W, 129-111",*,1.216666667,6,14,0.429,3,5,0.6,3,9,0.333,0.536,8,8,1,2,5,7,11,2,0,4,0,23,24.2,25
57,337,64,3/4/2023,ATL,@,MIA,"L, 109-117",*,1.345138889,2,13,0.154,0,5,0,2,8,0.25,0.154,4,5,0.8,1,3,4,10,5,0,5,1,8,7.5,-1
58,338,65,3/6/2023,ATL,@,MIA,"L, 128-130",*,1.40625,9,17,0.529,1,5,0.2,8,12,0.667,0.559,6,8,0.75,1,0,1,7,1,0,3,0,25,19.5,7
59,339,66,3/8/2023,ATL,@,WAS,"W, 122-120",*,1.361111111,11,14,0.786,3,4,0.75,8,10,0.8,0.893,3,4,0.75,1,3,4,10,3,0,5,2,28,28,0
60,340,67,3/10/2023,ATL,@,WAS,"W, 114-107",*,1.36875,9,19,0.474,6,10,0.6,3,9,0.333,0.632,4,4,1,0,2,2,9,2,0,3,2,28,23.4,4
61,341,68,3/11/2023,ATL,,BOS,"L, 125-134",*,1.402083333,12,27,0.444,4,11,0.364,8,16,0.5,0.519,7,7,1,1,2,3,13,0,0,3,2,35,27.5,-10
62,342,69,3/13/2023,ATL,,MIN,"L, 115-136",*,1.4125,15,25,0.6,1,4,0.25,14,21,0.667,0.62,10,10,1,3,3,6,7,1,0,4,1,41,34,-4
63,343,70,3/17/2023,ATL,,GSW,"W, 127-119",*,1.345833333,8,18,0.444,3,6,0.5,5,12,0.417,0.528,6,7,0.857,1,5,6,12,1,0,4,1,25,22.4,13
64,344,71,3/19/2023,ATL,@,SAS,"L, 118-126",*,1.221527778,4,15,0.267,1,4,0.25,3,11,0.273,0.3,0,2,0,2,2,4,6,0,0,5,0,9,0.5,-14
65,345,72,3/21/2023,ATL,,DET,"W, 129-107",*,1.263194444,7,19,0.368,3,9,0.333,4,10,0.4,0.447,13,15,0.867,2,1,3,12,0,0,3,4,30,24.2,28
66,346,73,3/22/2023,ATL,@,MIN,"L, 124-125",*,1.336111111,6,16,0.375,3,4,0.75,3,12,0.25,0.469,14,16,0.875,0,2,2,8,1,0,6,1,29,20.2,-13
67,347,74,3/25/2023,ATL,,IND,"W, 143-130",*,0.866666667,6,11,0.545,0,1,0,6,10,0.6,0.545,2,2,1,1,2,3,5,1,0,3,1,14,11.1,-8
68,348,75,3/26/2023,ATL,,MEM,"L, 119-123",*,1.454861111,7,14,0.5,3,5,0.6,4,9,0.444,0.607,11,12,0.917,0,2,2,10,0,0,4,1,28,23.8,-5
69,349,76,3/28/2023,ATL,,CLE,"W, 120-118",*,1.509722222,4,15,0.267,2,3,0.667,2,12,0.167,0.333,6,9,0.667,1,0,1,10,1,0,6,0,16,8.6,-9
70,350,77,3/31/2023,ATL,@,BRK,"L, 107-124",*,1.345138889,3,12,0.25,0,5,0,3,7,0.429,0.25,4,4,1,0,0,0,6,0,0,2,0,10,5,-33
71,351,78,4/2/2023,ATL,,DAL,"W, 132-130 (OT)",*,1.725694444,8,24,0.333,0,5,0,8,19,0.421,0.333,8,8,1,0,3,3,12,1,0,2,1,24,18.3,8
72,352,80,4/5/2023,ATL,,WAS,"W, 134-116",*,1.605555556,4,10,0.4,1,4,0.25,3,6,0.5,0.45,16,18,0.889,0,2,2,16,0,0,4,2,25,25.8,13
73,353,81,4/7/2023,ATL,,PHI,"L, 131-136 (OT)",*,1.779166667,7,14,0.5,1,6,0.167,6,8,0.75,0.536,12,14,0.857,0,3,3,20,4,0,9,0,27,29.1,10
1,354,1,10/25/2023,ATL,@,CHO,"L, 110-116",*,1.500694444,4,19,0.211,1,9,0.111,3,10,0.3,0.237,14,15,0.933,0,1,1,9,1,0,5,3,23,12.3,-11
2,355,2,10/27/2023,ATL,,NYK,"L, 120-126",*,1.470833333,4,16,0.25,2,5,0.4,2,11,0.182,0.313,8,10,0.8,1,2,3,12,3,0,6,2,18,13.5,-5
3,356,3,10/29/2023,ATL,@,MIL,"W, 127-110",*,1.334722222,5,14,0.357,3,8,0.375,2,6,0.333,0.464,7,9,0.778,0,3,3,11,1,0,3,1,20,17.6,13
4,357,4,10/30/2023,ATL,,MIN,"W, 127-113",*,1.458333333,9,22,0.409,1,7,0.143,8,15,0.533,0.432,5,5,1,0,1,1,8,1,0,1,1,24,17.7,4
5,358,5,11/1/2023,ATL,,WAS,"W, 130-121",*,1.469444444,7,18,0.389,1,3,0.333,6,15,0.4,0.417,8,9,0.889,0,3,3,10,2,0,3,1,23,19.3,4
6,359,6,11/4/2023,ATL,@,NOP,"W, 123-105",*,1.613888889,7,15,0.467,3,7,0.429,4,8,0.5,0.567,5,6,0.833,3,2,5,12,1,0,5,3,22,19.8,18
7,360,7,11/6/2023,ATL,@,OKC,"L, 117-126",*,1.517361111,5,18,0.278,1,5,0.2,4,13,0.308,0.306,11,11,1,1,3,4,11,1,0,7,1,22,14.3,-18
8,361,8,11/9/2023,ATL,@,ORL,"W, 120-119",*,1.429166667,12,27,0.444,5,15,0.333,7,12,0.583,0.537,12,13,0.923,2,2,4,8,3,0,3,1,41,33.7,1
9,362,9,11/11/2023,ATL,,MIA,"L, 109-117",*,1.602083333,7,19,0.368,3,9,0.333,4,10,0.4,0.447,10,11,0.909,0,2,2,11,1,0,5,0,27,20.4,4
10,363,11,11/15/2023,ATL,,NYK,"L, 114-116",*,1.436111111,4,12,0.333,0,4,0,4,8,0.5,0.333,7,9,0.778,0,1,1,17,2,0,3,0,15,18.6,1
11,364,12,11/17/2023,ATL,,PHI,"L, 116-126",*,1.540277778,5,14,0.357,2,6,0.333,3,8,0.375,0.429,10,10,1,0,2,2,13,1,0,4,3,22,19.7,12
12,365,13,11/21/2023,ATL,,IND,"L, 152-157",*,1.617361111,13,17,0.765,5,8,0.625,8,9,0.889,0.912,7,8,0.875,0,1,1,8,3,0,3,3,38,35.6,-2
13,366,14,11/22/2023,ATL,,BRK,"W, 147-145 (OT)",*,1.665277778,12,31,0.387,8,16,0.5,4,15,0.267,0.516,11,13,0.846,2,2,4,9,2,0,4,0,43,31.6,-11
14,367,15,11/25/2023,ATL,@,WAS,"W, 136-108",*,1.265277778,9,17,0.529,5,8,0.625,4,9,0.444,0.676,3,3,1,0,6,6,10,2,0,2,1,26,26.1,40
15,368,16,11/26/2023,ATL,@,BOS,"L, 103-113",*,1.552777778,12,27,0.444,6,16,0.375,6,11,0.545,0.556,3,6,0.5,1,4,5,7,0,0,5,3,33,18.3,-11
16,369,17,11/28/2023,ATL,@,CLE,"L, 105-128",*,1.344444444,3,14,0.214,2,8,0.25,1,6,0.167,0.286,5,6,0.833,0,1,1,10,1,0,3,3,13,8.1,-27
17,370,18,11/30/2023,ATL,@,SAS,"W, 137-135",*,1.664583333,15,29,0.517,2,9,0.222,13,20,0.65,0.552,13,16,0.813,0,4,4,14,2,0,2,1,45,40.1,-1
18,371,19,12/2/2023,ATL,@,MIL,"L, 121-132",*,1.530555556,13,28,0.464,5,13,0.385,8,15,0.533,0.554,1,2,0.5,2,0,2,12,2,0,4,0,32,25,-8
19,372,20,12/6/2023,ATL,,BRK,"L, 113-114",*,1.551388889,11,24,0.458,3,9,0.333,8,15,0.533,0.521,5,5,1,1,0,1,9,0,2,5,2,30,20.2,3
20,373,22,12/11/2023,ATL,,DEN,"L, 122-129",*,1.097222222,5,12,0.417,2,5,0.4,3,7,0.429,0.5,7,7,1,0,1,1,9,1,0,5,2,19,14.4,-10
21,374,23,12/13/2023,ATL,@,TOR,"L, 128-135",*,1.634722222,13,27,0.481,4,9,0.444,9,18,0.5,0.556,5,6,0.833,0,4,4,17,0,1,5,3,35,28.5,0
22,375,24,12/15/2023,ATL,@,TOR,"W, 125-104",*,1.498611111,15,29,0.517,7,15,0.467,8,14,0.571,0.638,1,2,0.5,1,4,5,11,1,0,8,2,38,25.1,14
23,376,25,12/16/2023,ATL,@,CLE,"L, 119-127",*,1.596527778,11,21,0.524,7,12,0.583,4,9,0.444,0.69,6,6,1,0,4,4,10,0,1,5,3,35,27.4,-9
24,377,26,12/18/2023,ATL,,DET,"W, 130-124",*,1.58125,8,17,0.471,4,11,0.364,4,6,0.667,0.588,11,12,0.917,0,4,4,15,0,0,5,3,31,27.4,16
25,378,27,12/20/2023,ATL,@,HOU,"W, 134-127",*,1.519444444,10,18,0.556,5,8,0.625,5,10,0.5,0.694,5,7,0.714,0,4,4,14,1,0,4,4,30,27,11
26,379,28,12/22/2023,ATL,@,MIA,"L, 113-122",*,1.652777778,10,22,0.455,7,13,0.538,3,9,0.333,0.614,3,3,1,0,3,3,13,2,0,6,1,30,24.2,-11
27,380,29,12/23/2023,ATL,,MEM,"L, 119-125",*,1.705555556,11,24,0.458,3,10,0.3,8,14,0.571,0.521,5,7,0.714,0,5,5,13,1,1,2,3,30,25.9,2
28,381,30,12/26/2023,ATL,@,CHI,"L, 113-118",*,1.646527778,6,17,0.353,3,12,0.25,3,5,0.6,0.441,6,7,0.857,0,2,2,13,1,0,6,3,21,14.6,-3
29,382,31,12/29/2023,ATL,,SAC,"L, 110-117",*,1.603472222,7,18,0.389,3,10,0.3,4,8,0.5,0.472,7,7,1,1,2,3,9,4,0,4,4,24,20.2,-11
30,383,32,12/31/2023,ATL,@,WAS,"W, 130-126",*,1.656944444,11,19,0.579,4,8,0.5,7,11,0.636,0.684,14,19,0.737,0,3,3,13,3,0,5,2,40,36.3,-13
31,384,33,1/3/2024,ATL,,OKC,"W, 141-138",*,1.414583333,6,13,0.462,2,9,0.222,4,4,1,0.538,10,11,0.909,0,4,4,11,2,0,6,2,24,21,-9
32,385,34,1/5/2024,ATL,@,IND,"L, 116-150",*,1.166666667,4,18,0.222,1,11,0.091,3,7,0.429,0.25,4,5,0.8,0,2,2,6,2,0,3,2,13,4.6,-28
33,386,35,1/7/2024,ATL,@,ORL,"L, 110-117 (OT)",*,1.752083333,11,23,0.478,2,9,0.222,9,14,0.643,0.522,7,10,0.7,0,4,4,9,1,1,5,2,31,21.5,-10
34,387,36,1/10/2024,ATL,,PHI,"W, 139-132 (OT)",*,1.809027778,7,22,0.318,2,8,0.25,5,14,0.357,0.364,12,14,0.857,0,1,1,11,1,1,5,2,28,18.5,7
35,388,37,1/12/2024,ATL,,IND,"L, 108-126",*,1.252083333,4,17,0.235,2,6,0.333,2,11,0.182,0.294,3,3,1,3,0,3,6,2,0,5,1,13,5.6,-19
36,389,38,1/13/2024,ATL,,WAS,"L, 99-127",*,1.50625,6,19,0.316,2,10,0.2,4,9,0.444,0.368,7,9,0.778,1,1,2,10,1,1,1,5,21,16,-23
37,390,39,1/15/2024,ATL,,SAS,"W, 109-99",*,1.566666667,11,24,0.458,6,11,0.545,5,13,0.385,0.583,8,9,0.889,0,6,6,13,1,1,3,0,36,32.8,16
38,391,40,1/17/2024,ATL,,ORL,"W, 106-104",*,1.6125,5,14,0.357,1,6,0.167,4,8,0.5,0.393,7,7,1,1,2,3,12,1,0,8,3,18,11.7,2
39,392,42,1/20/2024,ATL,,CLE,"L, 95-116",*,1.179166667,6,12,0.5,3,4,0.75,3,8,0.375,0.625,0,0,,0,1,1,5,0,0,4,2,15,8,-20
40,393,45,1/26/2024,ATL,,DAL,"L, 143-148",*,1.382638889,9,18,0.5,2,7,0.286,7,11,0.636,0.556,10,11,0.909,0,1,1,11,3,0,2,3,30,28.4,9
41,394,46,1/28/2024,ATL,,TOR,"W, 126-125",*,1.738888889,9,24,0.375,1,4,0.25,8,20,0.4,0.396,11,12,0.917,0,2,2,12,2,0,5,3,30,21.2,8
42,395,47,1/30/2024,ATL,,LAL,"W, 138-122",*,1.427777778,9,20,0.45,6,9,0.667,3,11,0.273,0.6,2,2,1,1,1,2,13,1,0,5,0,26,21.7,5
43,396,48,2/2/2024,ATL,,PHO,"W, 129-120",*,1.757638889,12,17,0.706,7,11,0.636,5,6,0.833,0.912,1,2,0.5,0,1,1,15,3,1,7,2,32,31.2,-1
44,397,49,2/3/2024,ATL,,GSW,"W, 141-134 (OT)",*,1.761111111,12,21,0.571,7,11,0.636,5,10,0.5,0.738,4,5,0.8,0,0,0,6,1,0,3,3,35,25.7,5
45,398,50,2/5/2024,ATL,,LAC,"L, 144-149",*,1.488194444,8,14,0.571,3,7,0.429,5,7,0.714,0.679,6,6,1,0,2,2,12,2,0,5,5,25,22.4,-6
46,399,51,2/7/2024,ATL,@,BOS,"L, 117-125",*,1.577777778,8,25,0.32,2,10,0.2,6,15,0.4,0.36,2,2,1,0,2,2,10,1,0,4,0,20,10.3,-10
47,400,52,2/9/2024,ATL,@,PHI,"W, 127-121",*,1.657638889,10,21,0.476,5,12,0.417,5,9,0.556,0.595,12,16,0.75,0,1,1,12,1,0,7,1,37,27,5
48,401,53,2/10/2024,ATL,,HOU,"W, 122-113",*,1.370833333,6,16,0.375,2,9,0.222,4,7,0.571,0.438,4,6,0.667,0,4,4,8,2,1,4,3,18,12.7,-1
49,402,54,2/12/2024,ATL,,CHI,"L, 126-136",*,1.4875,3,14,0.214,2,10,0.2,1,4,0.25,0.286,11,12,0.917,0,3,3,14,0,0,2,1,19,18.3,-14
50,403,55,2/14/2024,ATL,@,CHO,"L, 99-122",*,1.434722222,4,12,0.333,2,8,0.25,2,4,0.5,0.417,2,2,1,1,1,2,12,0,0,4,4,12,9,-15
51,404,56,2/23/2024,ATL,,TOR,"L, 121-123",*,1.472222222,4,13,0.308,2,6,0.333,2,7,0.286,0.385,1,2,0.5,0,3,3,7,0,0,4,3,11,3.7,-6
52,405,80,4/10/2024,ATL,,CHO,"L, 114-115",*,0.859722222,5,5,1,2,2,1,3,3,1,1.2,2,2,1,0,4,4,11,1,0,5,1,14,17,16
53,406,81,4/12/2024,ATL,@,MIN,"L, 106-109",*,1.140972222,6,12,0.5,3,7,0.429,3,5,0.6,0.625,4,6,0.667,0,2,2,7,1,0,2,1,19,16.3,16
54,407,82,4/14/2024,ATL,@,IND,"L, 115-157",*,1.329861111,4,9,0.444,1,4,0.25,3,5,0.6,0.5,3,3,1,1,2,3,12,0,0,8,1,12,8.6,-35
1,408,1,10/23/2024,ATL,,BRK,"W, 120-116",*,1.527777778,7,16,0.438,2,6,0.333,5,10,0.5,0.5,14,16,0.875,1,4,5,12,1,1,3,1,30,29.4,12
2,409,2,10/25/2024,ATL,,CHO,"W, 125-120",*,1.727777778,11,24,0.458,5,14,0.357,6,10,0.6,0.563,11,13,0.846,3,5,8,10,4,0,7,1,38,32,9
3,410,3,10/27/2024,ATL,@,OKC,"L, 104-128",*,1.54375,7,14,0.5,2,7,0.286,5,7,0.714,0.571,8,8,1,0,1,1,8,0,0,10,3,24,11.7,-18
4,411,4,10/28/2024,ATL,,WAS,"L, 119-121",*,1.488888889,2,15,0.133,2,10,0.2,0,5,0,0.2,8,9,0.889,0,8,8,13,1,1,6,3,14,9.9,-7
5,412,5,10/30/2024,ATL,@,WAS,"L, 120-133",*,1.681944444,12,28,0.429,4,13,0.308,8,15,0.533,0.5,7,7,1,2,2,4,15,2,0,3,2,35,30.9,-16
6,413,6,11/1/2024,ATL,,SAC,"L, 115-123",*,1.7625,8,21,0.381,3,9,0.333,5,12,0.417,0.452,6,7,0.857,1,4,5,12,0,0,5,2,25,17.6,-11
7,414,7,11/3/2024,ATL,@,NOP,"W, 126-111",*,1.30625,8,15,0.533,5,10,0.5,3,5,0.6,0.7,2,2,1,1,3,4,12,1,0,2,1,23,24.3,29
8,415,8,11/4/2024,ATL,,BOS,"L, 93-123",*,0.96875,1,10,0.1,0,6,0,1,4,0.25,0.1,0,0,,0,0,0,6,1,0,3,2,2,-3.2,-28
9,416,9,11/6/2024,ATL,,NYK,"W, 121-116",*,1.46875,7,21,0.333,3,9,0.333,4,12,0.333,0.405,6,8,0.75,2,4,6,10,2,0,2,2,23,19.1,6
10,417,10,11/8/2024,ATL,@,DET,"L, 121-122",*,1.708333333,11,25,0.44,6,12,0.5,5,13,0.385,0.56,7,8,0.875,0,2,2,13,2,0,3,2,35,29.4,14
11,418,11,11/9/2024,ATL,,CHI,"L, 113-125",*,1.577777778,6,16,0.375,2,6,0.333,4,10,0.4,0.438,0,0,,1,2,3,16,0,0,6,2,14,10.9,-6
12,419,13,11/15/2024,ATL,,WAS,"W, 129-117",*,1.380555556,5,18,0.278,4,9,0.444,1,9,0.111,0.389,4,4,1,0,2,2,9,0,0,6,3,18,7.1,2
13,420,14,11/17/2024,ATL,@,POR,"L, 110-114",*,1.579861111,8,16,0.5,5,10,0.5,3,6,0.5,0.656,8,9,0.889,1,4,5,8,0,0,6,2,29,21.3,-4
14,421,15,11/18/2024,ATL,@,SAC,"W, 109-108",*,1.488194444,1,7,0.143,0,2,0,1,5,0.2,0.143,5,5,1,0,3,3,19,2,0,5,1,7,13.3,15
15,422,16,11/20/2024,ATL,@,GSW,"L, 97-120",*,1.263888889,4,12,0.333,1,6,0.167,3,6,0.5,0.375,3,4,0.75,0,3,3,11,2,0,3,2,12,11.6,-19
16,423,17,11/22/2024,ATL,@,CHI,"L, 122-136",*,1.563194444,8,18,0.444,1,8,0.125,7,10,0.7,0.472,8,8,1,0,1,1,13,4,1,4,2,25,24.9,-9
17,424,18,11/25/2024,ATL,,DAL,"L, 119-129",*,1.469444444,5,12,0.417,2,4,0.5,3,8,0.375,0.5,6,7,0.857,1,1,2,16,3,0,3,2,18,22.6,-1
18,425,19,11/27/2024,ATL,@,CLE,"W, 135-124",*,1.539583333,6,18,0.333,3,13,0.231,3,5,0.6,0.417,5,5,1,0,4,4,22,0,0,5,3,20,20.2,5
19,426,20,11/29/2024,ATL,,CLE,"W, 117-101",*,1.445138889,7,12,0.583,2,5,0.4,5,7,0.714,0.667,5,5,1,0,3,3,11,0,0,7,4,21,15.4,10
20,427,21,11/30/2024,ATL,@,CHO,"W, 107-104",*,1.283333333,4,9,0.444,2,6,0.333,2,3,0.667,0.556,4,6,0.667,0,4,4,5,1,0,6,2,14,7.4,-4
21,428,22,12/2/2024,ATL,,NOP,"W, 124-112",*,1.493055556,5,16,0.313,2,9,0.222,3,7,0.429,0.375,0,0,,1,7,8,15,1,0,5,3,12,10.9,20
22,429,23,12/4/2024,ATL,@,MIL,"W, 119-104",*,1.474305556,6,19,0.316,0,9,0,6,10,0.6,0.316,5,6,0.833,0,4,4,7,0,0,4,3,17,6.6,8
23,430,24,12/6/2024,ATL,,LAL,"W, 134-132 (OT)",*,1.753472222,9,25,0.36,5,13,0.385,4,12,0.333,0.46,8,8,1,0,4,4,20,2,0,3,1,31,30.9,-6
24,431,25,12/8/2024,ATL,,DEN,"L, 111-141",*,1.463888889,6,13,0.462,2,7,0.286,4,6,0.667,0.538,1,2,0.5,1,3,4,10,3,0,4,1,15,15.1,-5
25,432,26,12/11/2024,ATL,@,NYK,"W, 108-100",*,1.516666667,8,22,0.364,2,8,0.25,6,14,0.429,0.409,4,4,1,0,5,5,11,1,0,3,1,22,16.6,6
26,433,27,12/14/2024,ATL,@,MIL,"L, 102-110",*,1.65,9,18,0.5,3,5,0.6,6,13,0.462,0.583,14,17,0.824,2,5,7,10,0,1,5,4,35,28.8,-4
27,434,28,12/19/2024,ATL,@,SAS,"L, 126-133 (OT)",*,1.527083333,7,16,0.438,3,6,0.5,4,10,0.4,0.531,6,8,0.75,0,0,0,16,3,0,5,3,23,21.8,-7
28,435,30,12/23/2024,ATL,,MIN,"W, 117-104",*,1.304166667,8,15,0.533,4,7,0.571,4,8,0.5,0.667,9,12,0.75,0,2,2,7,0,0,5,2,29,20.2,9
29,436,31,12/26/2024,ATL,,CHI,"W, 141-133",*,1.613888889,8,17,0.471,4,11,0.364,4,6,0.667,0.588,7,7,1,1,1,2,13,2,0,2,2,27,27.6,20
30,437,32,12/28/2024,ATL,,MIA,"W, 120-110",*,1.535416667,3,13,0.231,2,9,0.222,1,4,0.25,0.308,3,4,0.75,0,1,1,15,1,0,3,0,11,11.5,17
31,438,33,12/29/2024,ATL,@,TOR,"W, 136-107",*,1.35,10,21,0.476,7,13,0.538,3,8,0.375,0.643,7,7,1,0,2,2,10,1,2,5,2,34,27.5,39
32,439,34,1/1/2025,ATL,@,DEN,"L, 120-139",*,1.261111111,8,17,0.471,4,10,0.4,4,7,0.571,0.588,10,12,0.833,0,4,4,9,2,0,4,1,30,25.6,-25
33,440,35,1/3/2025,ATL,@,LAL,"L, 102-119",*,1.497916667,10,22,0.455,3,9,0.333,7,13,0.538,0.523,10,12,0.833,0,0,0,9,1,0,3,1,33,24.7,-8
34,441,36,1/4/2025,ATL,@,LAC,"L, 105-131",*,1.409722222,7,16,0.438,4,9,0.444,3,7,0.429,0.563,2,3,0.667,0,4,4,14,1,0,3,2,20,19.4,-7
35,442,37,1/7/2025,ATL,@,UTA,"W, 124-121",*,1.523611111,6,16,0.375,3,10,0.3,3,6,0.5,0.469,9,10,0.9,0,2,2,20,0,1,2,1,24,27.7,4
36,443,38,1/9/2025,ATL,@,PHO,"L, 115-123",*,1.409722222,6,15,0.4,1,4,0.25,5,11,0.455,0.433,8,9,0.889,0,2,2,7,1,0,3,0,21,16,-15
37,444,39,1/14/2025,ATL,,PHO,"W, 122-117",*,1.588194444,13,31,0.419,6,12,0.5,7,19,0.368,0.516,11,14,0.786,2,1,3,5,3,0,6,2,43,26.7,10
38,445,41,1/18/2025,ATL,@,BOS,"W, 119-115 (OT)",*,1.619444444,10,23,0.435,3,10,0.3,7,13,0.538,0.5,5,5,1,0,4,4,11,2,2,5,1,28,22.8,3
39,446,42,1/20/2025,ATL,@,NYK,"L, 110-119",*,1.472916667,8,22,0.364,6,12,0.5,2,10,0.2,0.5,5,6,0.833,1,2,3,6,3,1,9,4,27,13,-5
40,447,43,1/22/2025,ATL,,DET,"L, 104-114",*,1.671527778,5,13,0.385,1,4,0.25,4,9,0.444,0.423,2,4,0.5,0,2,2,9,2,0,5,3,13,7.8,-5
41,448,44,1/23/2025,ATL,,TOR,"L, 119-122",*,1.632638889,7,19,0.368,2,8,0.25,5,11,0.455,0.421,2,4,0.5,0,1,1,13,0,0,3,1,18,12.7,-8
42,449,45,1/25/2025,ATL,,TOR,"L, 94-117",*,1.589583333,5,12,0.417,1,4,0.25,4,8,0.5,0.458,5,8,0.625,1,3,4,4,0,0,11,2,16,1,-28
43,450,47,1/28/2025,ATL,,HOU,"L, 96-100",*,1.434722222,7,16,0.438,2,9,0.222,5,7,0.714,0.5,5,5,1,1,2,3,9,0,0,8,2,21,11.4,4
44,451,48,1/30/2025,ATL,@,CLE,"L, 115-137",*,1.327083333,5,16,0.313,2,8,0.25,3,8,0.375,0.375,3,4,0.75,0,1,1,10,1,0,2,1,15,11.3,-9
45,452,49,2/1/2025,ATL,@,IND,"L, 127-132",*,1.538888889,11,26,0.423,5,15,0.333,6,11,0.545,0.519,7,7,1,0,3,3,17,2,0,5,2,34,29.2,2
46,453,50,2/3/2025,ATL,@,DET,"W, 132-130",*,1.455555556,9,16,0.563,4,8,0.5,5,8,0.625,0.688,12,14,0.857,0,0,0,9,0,0,5,5,34,24.9,-11
47,454,51,2/5/2025,ATL,,SAS,"L, 125-126",*,1.788888889,10,21,0.476,3,11,0.273,7,10,0.7,0.548,9,11,0.818,0,2,2,12,1,0,9,1,32,21.1,4
48,455,52,2/7/2025,ATL,,MIL,"W, 115-110",*,1.454861111,9,22,0.409,2,8,0.25,7,14,0.5,0.455,4,5,0.8,0,3,3,7,2,0,2,1,24,17.2,-5
49,456,53,2/8/2025,ATL,@,WAS,"W, 125-111",*,1.456944444,13,26,0.5,5,14,0.357,8,12,0.667,0.596,4,4,1,1,1,2,14,0,0,6,3,35,25.6,36
50,457,54,2/10/2025,ATL,@,ORL,"W, 112-106",*,1.524305556,6,17,0.353,1,8,0.125,5,9,0.556,0.382,6,7,0.857,1,4,5,8,1,0,9,1,19,8.2,3
51,458,55,2/12/2025,ATL,@,NYK,"L, 148-149 (OT)",*,1.84375,11,29,0.379,4,11,0.364,7,18,0.389,0.448,12,14,0.857,0,1,1,19,0,0,8,2,38,26.1,0
52,459,56,2/20/2025,ATL,,ORL,"L, 108-114",*,1.534722222,13,28,0.464,4,13,0.308,9,15,0.6,0.536,8,10,0.8,1,2,3,6,1,0,5,4,38,22.7,-7
53,460,57,2/23/2025,ATL,,DET,"L, 143-148",*,1.5875,10,24,0.417,6,15,0.4,4,9,0.444,0.542,12,15,0.8,0,2,2,13,1,0,7,5,38,25.7,2
54,461,58,2/24/2025,ATL,,MIA,"W, 98-86",*,1.575,4,14,0.286,0,7,0,4,7,0.571,0.286,3,3,1,0,3,3,14,0,1,4,2,11,9.4,26
55,462,59,2/26/2025,ATL,@,MIA,"L, 109-131",*,1.4875,4,12,0.333,1,6,0.167,3,6,0.5,0.375,8,8,1,0,2,2,8,0,0,4,2,17,11.6,-11
56,463,60,2/28/2025,ATL,,OKC,"L, 119-135",*,1.46875,5,14,0.357,2,5,0.4,3,9,0.333,0.429,7,7,1,0,3,3,12,3,0,3,1,19,20.1,-4
57,464,61,3/3/2025,ATL,@,MEM,"W, 132-130",*,1.5125,5,17,0.294,0,2,0,5,15,0.333,0.294,2,2,1,0,2,2,15,0,0,5,2,12,7.4,5
58,465,62,3/4/2025,ATL,,MIL,"L, 121-127",*,1.475,9,24,0.375,1,6,0.167,8,18,0.444,0.396,9,9,1,0,2,2,13,1,0,4,2,28,20.7,-10
59,466,63,3/6/2025,ATL,,IND,"W, 124-118",*,1.495138889,7,17,0.412,1,5,0.2,6,12,0.5,0.441,7,7,1,0,3,3,16,0,0,1,2,22,23.2,7
60,467,64,3/8/2025,ATL,,IND,"W, 120-118",*,1.390972222,11,24,0.458,3,12,0.25,8,12,0.667,0.521,11,12,0.917,0,4,4,8,0,0,7,2,36,22.2,3
61,468,66,3/12/2025,ATL,,CHO,"W, 123-110",*,1.478472222,7,20,0.35,0,5,0,7,15,0.467,0.35,21,21,1,2,5,7,12,1,0,5,1,35,30.7,6
62,469,67,3/14/2025,ATL,,LAC,"L, 98-121",*,1.436111111,6,18,0.333,2,6,0.333,4,12,0.333,0.389,3,4,0.75,3,1,4,7,0,0,7,0,17,6.7,-15
63,470,68,3/16/2025,ATL,@,BRK,"L, 114-122",*,1.626388889,9,18,0.5,3,5,0.6,6,13,0.462,0.583,7,8,0.875,0,6,6,12,2,0,6,1,28,24.4,0
64,471,69,3/18/2025,ATL,@,CHO,"W, 134-102",*,1.270833333,11,20,0.55,5,9,0.556,6,11,0.545,0.675,4,4,1,0,2,2,8,3,0,4,3,31,25.4,32
65,472,70,3/22/2025,ATL,,GSW,"W, 124-115",*,1.468055556,9,15,0.6,1,4,0.25,8,11,0.727,0.633,6,7,0.857,0,5,5,10,1,0,4,0,25,23.2,3
66,473,71,3/23/2025,ATL,,PHI,"W, 132-119",*,1.355555556,7,12,0.583,4,6,0.667,3,6,0.5,0.75,10,11,0.909,0,1,1,12,1,0,5,1,28,26.3,12
67,474,72,3/25/2025,ATL,@,HOU,"L, 114-121",*,1.626388889,7,17,0.412,3,7,0.429,4,10,0.4,0.5,2,2,1,1,1,2,12,1,0,5,2,19,14.5,-18
68,475,73,3/27/2025,ATL,@,MIA,"L, 112-122",*,1.484027778,10,21,0.476,6,12,0.5,4,9,0.444,0.619,3,3,1,0,2,2,12,2,0,5,1,29,23.9,-20
69,476,74,3/30/2025,ATL,@,MIL,"W, 145-124",*,1.547222222,4,16,0.25,2,9,0.222,2,7,0.286,0.313,9,11,0.818,0,3,3,19,2,0,2,3,19,21.6,13
70,477,75,4/1/2025,ATL,,POR,"L, 113-127",*,1.518055556,7,20,0.35,3,7,0.429,4,13,0.308,0.425,12,13,0.923,1,3,4,15,3,0,4,3,29,27.3,-8
71,478,76,4/2/2025,ATL,@,DAL,"L, 118-120",*,1.650694444,8,20,0.4,2,9,0.222,6,11,0.545,0.45,7,7,1,1,3,4,12,1,0,5,2,25,19.4,-1
72,479,77,4/5/2025,ATL,,NYK,"L, 105-121",*,1.313888889,5,15,0.333,3,7,0.429,2,8,0.25,0.433,3,3,1,0,1,1,9,1,0,3,1,16,11.7,-22
73,480,78,4/6/2025,ATL,,UTA,"W, 147-134",*,1.540972222,8,16,0.5,4,9,0.444,4,7,0.571,0.625,3,4,0.75,1,4,5,15,1,1,3,2,23,24.9,0
74,481,79,4/8/2025,ATL,@,ORL,"L, 112-119",*,1.529861111,10,20,0.5,3,9,0.333,7,11,0.636,0.575,5,6,0.833,0,1,1,10,1,0,3,3,28,21.7,-5
75,482,80,4/10/2025,ATL,@,BRK,"W, 133-109",*,1.306944444,7,15,0.467,3,8,0.375,4,7,0.571,0.567,7,8,0.875,0,1,1,12,2,0,4,0,24,22.6,20
76,483,81,4/11/2025,ATL,@,PHI,"W, 124-110",*,1.4875,10,22,0.455,6,13,0.462,4,9,0.444,0.591,10,12,0.833,1,2,3,11,1,0,3,0,36,30.8,10
