,GROUP_SET,GROUP_VALUE,SEASON_YEAR,GP,W,L,W_PCT,MIN,E_OFF_RATING,OFF_RATING,E_DEF_RATING,DEF_RATING,E_NET_RATING,NET_RATING,AST_PCT,AST_TO,AST_RATIO,OREB_PCT,DREB_PCT,REB_PCT,TM_TOV_PCT,EFG_PCT,TS_PCT,E_PACE,PACE,PACE_PER40,POSS,PIE,GP_RANK,W_RANK,L_RANK,W_PCT_RANK,MIN_RANK,OFF_RATING_RANK,DEF_RATING_RANK,NET_RATING_RANK,AST_PCT_RANK,AST_TO_RANK,AST_RATIO_RANK,OREB_PCT_RANK,DREB_PCT_RANK,REB_PCT_RANK,TM_TOV_PCT_RANK,EFG_PCT_RANK,TS_PCT_RANK,PACE_RANK,PIE_RANK,Team
0,Overall,2016-17,2016-17,82,43,39,0.524,3976.0,102.3,104.5,103.1,105.2,-0.8,-0.7,0.621,1.5,17.4,0.282,0.717,0.502,0.16,0.504,0.541,99.8,97.76,81.46,8091,0.506,1,1,1,1,1,1,1,1,1,1,1,1,1,1,1,1,1,1,1,Atlanta Hawks
1,Overall,2016-17,2016-17,82,53,29,0.646,3951.0,108.6,110.6,105.5,108.0,3.1,2.6,0.653,1.9,18.8,0.259,0.705,0.485,0.136,0.525,0.567,99.3,97.21,81.01,8005,0.514,1,1,1,1,1,1,1,1,1,1,1,1,1,1,1,1,1,1,1,Boston Celtics
2,Overall,2016-17,2016-17,82,51,31,0.622,3976.0,110.9,112.8,108.0,109.7,2.9,3.1,0.567,1.66,17.1,0.264,0.722,0.499,0.14,0.547,0.58,98.4,96.74,80.61,8019,0.51,1,1,1,1,1,1,1,1,1,1,1,1,1,1,1,1,1,1,1,Cleveland Cavaliers
3,Overall,2016-17,2016-17,82,34,48,0.415,3981.0,103.3,104.7,104.9,106.8,-1.6,-2.1,0.582,1.77,17.1,0.228,0.728,0.48,0.129,0.504,0.539,100.1,98.56,82.13,8173,0.493,1,1,1,1,1,1,1,1,1,1,1,1,1,1,1,1,1,1,1,New Orleans Pelicans
4,Overall,2016-17,2016-17,82,41,41,0.5,3956.0,104.6,106.5,104.5,106.2,0.1,0.3,0.584,1.66,16.8,0.311,0.733,0.519,0.14,0.487,0.53,97.7,96.02,80.02,7919,0.504,1,1,1,1,1,1,1,1,1,1,1,1,1,1,1,1,1,1,1,Chicago Bulls
5,Overall,2016-17,2016-17,82,33,49,0.402,3956.0,103.7,104.7,106.3,107.7,-2.6,-3.0,0.574,1.75,16.8,0.216,0.733,0.465,0.127,0.505,0.541,94.2,93.11,77.59,7668,0.479,1,1,1,1,1,1,1,1,1,1,1,1,1,1,1,1,1,1,1,Dallas Mavericks
6,Overall,2016-17,2016-17,82,40,42,0.488,3951.0,110.0,112.2,110.5,111.7,-0.5,0.4,0.615,1.69,18.2,0.314,0.753,0.532,0.15,0.53,0.568,100.7,99.18,82.65,8167,0.503,1,1,1,1,1,1,1,1,1,1,1,1,1,1,1,1,1,1,1,Denver Nuggets
7,Overall,2016-17,2016-17,82,67,15,0.817,3956.0,113.2,114.8,101.1,103.4,12.1,11.4,0.705,2.06,21.2,0.272,0.709,0.504,0.146,0.563,0.597,102.2,100.37,83.65,8279,0.579,1,1,1,1,1,1,1,1,1,1,1,1,1,1,1,1,1,1,1,Golden State Warriors
8,Overall,2016-17,2016-17,82,55,27,0.671,3956.0,111.8,114.1,106.4,108.4,5.4,5.7,0.626,1.67,18.1,0.281,0.717,0.499,0.15,0.545,0.583,102.5,100.55,83.79,8289,0.516,1,1,1,1,1,1,1,1,1,1,1,1,1,1,1,1,1,1,1,Houston Rockets
9,Overall,2016-17,2016-17,82,51,31,0.622,3951.0,110.3,111.8,105.8,107.5,4.5,4.4,0.57,1.74,17.2,0.256,0.733,0.501,0.133,0.537,0.574,98.2,96.77,80.64,7968,0.527,1,1,1,1,1,1,1,1,1,1,1,1,1,1,1,1,1,1,1,Los Angeles Clippers
10,Overall,2016-17,2016-17,82,26,56,0.317,3941.0,103.4,105.3,110.6,112.0,-7.2,-6.7,0.532,1.38,15.6,0.284,0.717,0.494,0.153,0.501,0.537,100.8,99.26,82.72,8143,0.446,1,1,1,1,1,1,1,1,1,1,1,1,1,1,1,1,1,1,1,Los Angeles Lakers
11,Overall,2016-17,2016-17,82,41,41,0.5,3956.0,105.2,107.4,104.1,106.4,1.0,1.0,0.544,1.58,16.3,0.284,0.718,0.499,0.14,0.512,0.541,97.6,95.51,79.6,7875,0.5,1,1,1,1,1,1,1,1,1,1,1,1,1,1,1,1,1,1,1,Miami Heat
12,Overall,2016-17,2016-17,82,42,40,0.512,3956.0,106.9,108.5,106.4,108.7,0.5,-0.2,0.624,1.73,18.5,0.26,0.706,0.487,0.146,0.527,0.565,96.7,94.99,79.16,7828,0.504,1,1,1,1,1,1,1,1,1,1,1,1,1,1,1,1,1,1,1,Milwaukee Bucks
13,Overall,2016-17,2016-17,82,31,51,0.378,3961.0,108.1,110.0,109.1,110.9,-1.0,-0.9,0.6,1.69,17.7,0.309,0.71,0.507,0.146,0.511,0.555,97.1,95.48,79.57,7870,0.501,1,1,1,1,1,1,1,1,1,1,1,1,1,1,1,1,1,1,1,Minnesota Timberwolves
14,Overall,2016-17,2016-17,82,20,62,0.244,3951.0,101.9,103.6,108.0,110.1,-6.1,-6.5,0.566,1.29,15.9,0.241,0.716,0.483,0.162,0.507,0.551,103.6,101.75,84.79,8371,0.46,1,1,1,1,1,1,1,1,1,1,1,1,1,1,1,1,1,1,1,Brooklyn Nets
15,Overall,2016-17,2016-17,82,31,51,0.378,3971.0,104.7,107.1,108.7,110.7,-4.1,-3.6,0.551,1.57,16.3,0.305,0.698,0.5,0.143,0.496,0.534,98.6,96.63,80.53,7990,0.482,1,1,1,1,1,1,1,1,1,1,1,1,1,1,1,1,1,1,1,New York Knicks
16,Overall,2016-17,2016-17,82,29,53,0.354,3961.0,101.2,103.7,108.0,110.3,-6.8,-6.5,0.58,1.67,16.8,0.267,0.726,0.491,0.137,0.489,0.524,99.1,96.9,80.75,7989,0.46,1,1,1,1,1,1,1,1,1,1,1,1,1,1,1,1,1,1,1,Orlando Magic
17,Overall,2016-17,2016-17,82,42,40,0.512,3971.0,106.2,107.9,106.3,108.1,-0.1,-0.2,0.572,1.63,17.2,0.255,0.713,0.488,0.141,0.516,0.558,98.1,96.59,80.49,7989,0.505,1,1,1,1,1,1,1,1,1,1,1,1,1,1,1,1,1,1,1,Indiana Pacers
18,Overall,2016-17,2016-17,82,28,54,0.341,3966.0,100.7,102.7,106.4,108.2,-5.7,-5.5,0.631,1.43,17.4,0.273,0.709,0.49,0.167,0.501,0.539,101.0,99.07,82.56,8179,0.47,1,1,1,1,1,1,1,1,1,1,1,1,1,1,1,1,1,1,1,Philadelphia 76ers
19,Overall,2016-17,2016-17,82,24,58,0.293,3966.0,103.9,106.1,109.3,111.3,-5.4,-5.2,0.491,1.27,14.4,0.299,0.718,0.503,0.152,0.493,0.538,102.9,100.85,84.04,8320,0.462,1,1,1,1,1,1,1,1,1,1,1,1,1,1,1,1,1,1,1,Phoenix Suns
20,Overall,2016-17,2016-17,82,41,41,0.5,3986.0,107.8,109.4,107.8,110.0,0.0,-0.6,0.534,1.54,16.0,0.269,0.72,0.496,0.139,0.52,0.559,99.1,97.38,81.15,8088,0.493,1,1,1,1,1,1,1,1,1,1,1,1,1,1,1,1,1,1,1,Portland Trail Blazers
21,Overall,2016-17,2016-17,82,32,50,0.39,3976.0,104.6,106.6,109.1,110.8,-4.5,-4.2,0.594,1.54,17.3,0.258,0.723,0.492,0.152,0.516,0.556,97.1,95.42,79.52,7911,0.478,1,1,1,1,1,1,1,1,1,1,1,1,1,1,1,1,1,1,1,Sacramento Kings
22,Overall,2016-17,2016-17,82,61,21,0.744,3961.0,108.8,110.3,100.9,102.9,7.9,7.4,0.606,1.77,18.1,0.282,0.73,0.511,0.141,0.524,0.564,96.4,94.86,79.05,7832,0.551,1,1,1,1,1,1,1,1,1,1,1,1,1,1,1,1,1,1,1,San Antonio Spurs
23,Overall,2016-17,2016-17,82,47,35,0.573,3961.0,105.0,107.9,105.1,107.1,-0.2,0.8,0.532,1.4,15.5,0.323,0.742,0.528,0.152,0.5,0.54,100.5,98.18,81.82,8099,0.499,1,1,1,1,1,1,1,1,1,1,1,1,1,1,1,1,1,1,1,Oklahoma City Thunder
24,Overall,2016-17,2016-17,82,51,31,0.622,3956.0,109.8,111.4,104.9,107.1,4.9,4.3,0.472,1.46,14.5,0.291,0.717,0.505,0.132,0.517,0.561,97.1,95.41,79.51,7867,0.516,1,1,1,1,1,1,1,1,1,1,1,1,1,1,1,1,1,1,1,Toronto Raptors
25,Overall,2016-17,2016-17,82,51,31,0.622,3951.0,107.4,109.0,102.7,104.7,4.7,4.3,0.544,1.48,16.2,0.27,0.743,0.514,0.148,0.526,0.563,93.6,92.09,76.75,7579,0.534,1,1,1,1,1,1,1,1,1,1,1,1,1,1,1,1,1,1,1,Utah Jazz
26,Overall,2016-17,2016-17,82,43,39,0.524,3981.0,104.7,107.0,104.5,106.5,0.1,0.5,0.584,1.65,16.5,0.295,0.731,0.507,0.137,0.491,0.535,94.7,92.84,77.37,7702,0.501,1,1,1,1,1,1,1,1,1,1,1,1,1,1,1,1,1,1,1,Memphis Grizzlies
27,Overall,2016-17,2016-17,82,49,33,0.598,3971.0,108.5,110.4,106.9,108.8,1.6,1.7,0.577,1.68,17.6,0.286,0.716,0.501,0.143,0.528,0.564,99.7,97.94,81.62,8109,0.511,1,1,1,1,1,1,1,1,1,1,1,1,1,1,1,1,1,1,1,Washington Wizards
28,Overall,2016-17,2016-17,82,37,45,0.451,3961.0,103.3,105.3,105.3,106.7,-2.0,-1.4,0.53,1.78,16.1,0.286,0.775,0.519,0.123,0.492,0.521,97.1,95.52,79.6,7890,0.482,1,1,1,1,1,1,1,1,1,1,1,1,1,1,1,1,1,1,1,Detroit Pistons
29,Overall,2016-17,2016-17,82,36,46,0.439,3966.0,106.4,108.4,106.1,108.4,0.3,0.0,0.611,2.01,17.6,0.247,0.749,0.496,0.119,0.501,0.547,97.8,95.92,79.93,7934,0.505,1,1,1,1,1,1,1,1,1,1,1,1,1,1,1,1,1,1,1,Charlotte Hornets
30,Overall,2017-18,2017-18,82,24,58,0.293,3941.0,102.4,104.4,108.2,110.1,-5.8,-5.7,0.622,1.53,17.6,0.263,0.719,0.489,0.157,0.512,0.547,100.6,98.76,82.3,8114,0.468,1,1,1,1,1,1,1,1,1,1,1,1,1,1,1,1,1,1,1,Atlanta Hawks
31,Overall,2017-18,2017-18,82,55,27,0.671,3961.0,105.3,106.8,101.5,103.2,3.7,3.6,0.586,1.6,17.0,0.263,0.739,0.504,0.144,0.518,0.552,98.2,96.75,80.63,7987,0.519,1,1,1,1,1,1,1,1,1,1,1,1,1,1,1,1,1,1,1,Boston Celtics
32,Overall,2017-18,2017-18,82,50,32,0.61,3946.0,110.6,112.0,109.5,111.1,1.0,1.0,0.579,1.7,17.5,0.243,0.73,0.492,0.139,0.547,0.584,100.1,98.72,82.27,8114,0.502,1,1,1,1,1,1,1,1,1,1,1,1,1,1,1,1,1,1,1,Cleveland Cavaliers
33,Overall,2017-18,2017-18,82,48,34,0.585,3991.0,107.7,108.5,105.6,107.4,2.1,1.1,0.627,1.79,19.0,0.24,0.726,0.494,0.145,0.541,0.573,102.7,101.48,84.57,8443,0.525,1,1,1,1,1,1,1,1,1,1,1,1,1,1,1,1,1,1,1,New Orleans Pelicans
34,Overall,2017-18,2017-18,82,27,55,0.329,3971.0,101.3,103.4,109.1,110.5,-7.8,-7.0,0.607,1.68,17.3,0.256,0.767,0.5,0.141,0.497,0.529,100.3,98.65,82.21,8160,0.453,1,1,1,1,1,1,1,1,1,1,1,1,1,1,1,1,1,1,1,Chicago Bulls
35,Overall,2017-18,2017-18,82,24,58,0.293,3961.0,104.1,105.4,107.4,108.4,-3.3,-2.9,0.594,1.85,17.3,0.224,0.749,0.478,0.127,0.513,0.544,97.5,96.53,80.44,7959,0.475,1,1,1,1,1,1,1,1,1,1,1,1,1,1,1,1,1,1,1,Dallas Mavericks
36,Overall,2017-18,2017-18,82,46,36,0.561,3976.0,109.6,111.4,108.8,110.0,0.8,1.4,0.617,1.68,18.2,0.3,0.736,0.517,0.151,0.536,0.57,99.1,97.69,81.41,8095,0.511,1,1,1,1,1,1,1,1,1,1,1,1,1,1,1,1,1,1,1,Denver Nuggets
37,Overall,2017-18,2017-18,82,58,24,0.707,3946.0,112.3,112.8,104.2,106.8,8.1,5.9,0.685,1.9,20.9,0.243,0.712,0.497,0.153,0.569,0.603,101.8,100.35,83.63,8251,0.554,1,1,1,1,1,1,1,1,1,1,1,1,1,1,1,1,1,1,1,Golden State Warriors
38,Overall,2017-18,2017-18,82,65,17,0.793,3951.0,112.2,114.1,103.8,105.7,8.5,8.4,0.557,1.56,16.4,0.254,0.75,0.503,0.141,0.551,0.59,99.7,98.02,81.69,8078,0.531,1,1,1,1,1,1,1,1,1,1,1,1,1,1,1,1,1,1,1,Houston Rockets
39,Overall,2017-18,2017-18,82,42,40,0.512,3941.0,107.7,109.4,107.7,109.2,0.0,0.2,0.555,1.52,16.5,0.284,0.718,0.504,0.147,0.527,0.564,101.1,99.54,82.95,8167,0.497,1,1,1,1,1,1,1,1,1,1,1,1,1,1,1,1,1,1,1,Los Angeles Clippers
40,Overall,2017-18,2017-18,82,35,47,0.427,3981.0,104.2,106.0,105.6,107.3,-1.4,-1.3,0.584,1.51,17.0,0.279,0.729,0.505,0.155,0.517,0.548,102.6,100.9,84.08,8361,0.491,1,1,1,1,1,1,1,1,1,1,1,1,1,1,1,1,1,1,1,Los Angeles Lakers
41,Overall,2017-18,2017-18,82,44,38,0.537,3986.0,104.5,106.2,104.0,105.8,0.5,0.4,0.585,1.58,17.1,0.261,0.741,0.501,0.148,0.52,0.551,97.8,96.1,80.08,7985,0.505,1,1,1,1,1,1,1,1,1,1,1,1,1,1,1,1,1,1,1,Miami Heat
42,Overall,2017-18,2017-18,82,44,38,0.537,3966.0,107.8,109.0,107.1,109.1,0.7,-0.2,0.585,1.68,17.7,0.244,0.709,0.48,0.142,0.531,0.571,98.5,97.03,80.86,8013,0.502,1,1,1,1,1,1,1,1,1,1,1,1,1,1,1,1,1,1,1,Milwaukee Bucks
43,Overall,2017-18,2017-18,82,47,35,0.573,3961.0,110.8,112.5,108.4,110.2,2.4,2.3,0.553,1.82,17.0,0.289,0.72,0.503,0.128,0.523,0.566,98.3,96.75,80.62,7985,0.518,1,1,1,1,1,1,1,1,1,1,1,1,1,1,1,1,1,1,1,Minnesota Timberwolves
44,Overall,2017-18,2017-18,82,28,54,0.341,3971.0,104.3,106.1,108.5,109.7,-4.2,-3.6,0.619,1.56,17.3,0.251,0.731,0.489,0.151,0.514,0.551,101.1,99.66,83.05,8238,0.474,1,1,1,1,1,1,1,1,1,1,1,1,1,1,1,1,1,1,1,Brooklyn Nets
45,Overall,2017-18,2017-18,82,29,53,0.354,3966.0,104.1,106.3,108.4,109.7,-4.3,-3.4,0.573,1.58,17.2,0.289,0.727,0.509,0.15,0.51,0.544,99.2,97.64,81.37,8059,0.481,1,1,1,1,1,1,1,1,1,1,1,1,1,1,1,1,1,1,1,New York Knicks
46,Overall,2017-18,2017-18,82,25,57,0.305,3946.0,102.8,104.7,107.7,109.4,-4.9,-4.7,0.604,1.61,17.5,0.248,0.714,0.48,0.147,0.512,0.545,100.3,98.58,82.15,8096,0.472,1,1,1,1,1,1,1,1,1,1,1,1,1,1,1,1,1,1,1,Orlando Magic
47,Overall,2017-18,2017-18,82,48,34,0.585,3951.0,107.2,108.5,105.6,107.3,1.6,1.3,0.544,1.67,16.8,0.271,0.721,0.496,0.136,0.525,0.557,98.2,96.84,80.7,7977,0.509,1,1,1,1,1,1,1,1,1,1,1,1,1,1,1,1,1,1,1,Indiana Pacers
48,Overall,2017-18,2017-18,82,52,30,0.634,3956.0,107.4,108.5,102.0,103.9,5.4,4.6,0.663,1.64,19.1,0.286,0.736,0.52,0.163,0.535,0.568,102.2,100.75,83.96,8299,0.542,1,1,1,1,1,1,1,1,1,1,1,1,1,1,1,1,1,1,1,Philadelphia 76ers
49,Overall,2017-18,2017-18,82,21,61,0.256,3941.0,100.8,102.8,110.6,111.7,-9.7,-9.0,0.553,1.35,15.6,0.271,0.724,0.493,0.155,0.495,0.532,102.6,101.14,84.28,8293,0.442,1,1,1,1,1,1,1,1,1,1,1,1,1,1,1,1,1,1,1,Phoenix Suns
50,Overall,2017-18,2017-18,82,49,33,0.598,3951.0,106.1,108.4,104.2,105.7,1.9,2.7,0.496,1.44,15.0,0.279,0.746,0.513,0.139,0.511,0.549,98.8,97.11,80.93,7992,0.51,1,1,1,1,1,1,1,1,1,1,1,1,1,1,1,1,1,1,1,Portland Trail Blazers
51,Overall,2017-18,2017-18,82,27,55,0.329,3951.0,101.1,103.1,109.0,110.4,-7.9,-7.3,0.556,1.57,16.6,0.264,0.731,0.489,0.143,0.502,0.529,97.1,95.5,79.58,7860,0.451,1,1,1,1,1,1,1,1,1,1,1,1,1,1,1,1,1,1,1,Sacramento Kings
52,Overall,2017-18,2017-18,82,47,35,0.573,3946.0,105.5,107.1,102.4,104.1,3.1,3.0,0.583,1.73,17.3,0.277,0.741,0.508,0.137,0.507,0.543,97.2,95.7,79.75,7867,0.525,1,1,1,1,1,1,1,1,1,1,1,1,1,1,1,1,1,1,1,San Antonio Spurs
53,Overall,2017-18,2017-18,82,48,34,0.585,3966.0,107.6,110.1,104.7,106.4,2.9,3.7,0.535,1.53,15.8,0.32,0.725,0.515,0.143,0.514,0.546,99.2,97.34,81.11,8036,0.508,1,1,1,1,1,1,1,1,1,1,1,1,1,1,1,1,1,1,1,Oklahoma City Thunder
54,Overall,2017-18,2017-18,82,59,23,0.72,3966.0,111.0,113.0,103.4,105.3,7.6,7.7,0.59,1.82,17.9,0.274,0.725,0.502,0.135,0.539,0.575,99.8,98.02,81.68,8104,0.538,1,1,1,1,1,1,1,1,1,1,1,1,1,1,1,1,1,1,1,Toronto Raptors
55,Overall,2017-18,2017-18,82,48,34,0.585,3951.0,106.2,107.4,101.6,103.0,4.6,4.4,0.586,1.53,17.1,0.256,0.756,0.509,0.152,0.527,0.564,97.8,96.58,80.48,7951,0.532,1,1,1,1,1,1,1,1,1,1,1,1,1,1,1,1,1,1,1,Utah Jazz
56,Overall,2017-18,2017-18,82,22,60,0.268,3941.0,101.8,103.6,108.4,110.4,-6.6,-6.8,0.586,1.44,16.6,0.276,0.721,0.493,0.156,0.5,0.539,97.3,95.65,79.71,7865,0.46,1,1,1,1,1,1,1,1,1,1,1,1,1,1,1,1,1,1,1,Memphis Grizzlies
57,Overall,2017-18,2017-18,82,43,39,0.524,3971.0,106.9,108.1,106.2,107.7,0.7,0.4,0.631,1.73,18.4,0.274,0.732,0.504,0.148,0.525,0.56,98.9,97.67,81.39,8087,0.509,1,1,1,1,1,1,1,1,1,1,1,1,1,1,1,1,1,1,1,Washington Wizards
58,Overall,2017-18,2017-18,82,39,43,0.476,3961.0,104.9,106.6,104.8,106.7,0.0,-0.1,0.582,1.7,17.1,0.269,0.74,0.499,0.138,0.512,0.543,98.4,96.75,80.62,7981,0.489,1,1,1,1,1,1,1,1,1,1,1,1,1,1,1,1,1,1,1,Detroit Pistons
59,Overall,2017-18,2017-18,82,36,46,0.439,3956.0,107.0,109.0,107.0,109.0,0.0,-0.1,0.554,1.7,16.1,0.271,0.763,0.512,0.128,0.508,0.549,100.5,98.66,82.21,8143,0.5,1,1,1,1,1,1,1,1,1,1,1,1,1,1,1,1,1,1,1,Charlotte Hornets
60,Overall,2018-19,2018-19,82,29,53,0.354,3971.0,105.5,107.5,111.2,113.1,-5.7,-5.5,0.624,1.52,17.7,0.284,0.718,0.496,0.162,0.522,0.555,106.4,104.56,87.13,8642,0.464,1,1,1,1,1,1,1,1,1,1,1,1,1,1,1,1,1,1,1,Atlanta Hawks
61,Overall,2018-19,2018-19,82,49,33,0.598,3956.0,110.1,111.3,104.9,107.0,5.1,4.3,0.624,2.05,18.8,0.257,0.728,0.495,0.127,0.534,0.567,102.0,100.43,83.69,8282,0.53,1,1,1,1,1,1,1,1,1,1,1,1,1,1,1,1,1,1,1,Boston Celtics
62,Overall,2018-19,2018-19,82,19,63,0.232,3951.0,105.0,106.8,115.1,116.8,-10.1,-10.0,0.532,1.54,15.6,0.282,0.732,0.496,0.138,0.503,0.54,98.9,97.37,81.14,8021,0.436,1,1,1,1,1,1,1,1,1,1,1,1,1,1,1,1,1,1,1,Cleveland Cavaliers
63,Overall,2018-19,2018-19,82,33,49,0.402,3951.0,108.6,110.7,110.4,112.0,-1.8,-1.3,0.619,1.82,18.6,0.285,0.729,0.509,0.142,0.529,0.563,105.6,103.89,86.58,8553,0.498,1,1,1,1,1,1,1,1,1,1,1,1,1,1,1,1,1,1,1,New Orleans Pelicans
64,Overall,2018-19,2018-19,82,22,60,0.268,3981.0,102.5,104.5,110.9,112.8,-8.4,-8.3,0.55,1.55,16.3,0.242,0.727,0.483,0.141,0.505,0.541,101.1,99.3,82.75,8232,0.453,1,1,1,1,1,1,1,1,1,1,1,1,1,1,1,1,1,1,1,Chicago Bulls
65,Overall,2018-19,2018-19,82,33,49,0.402,3956.0,106.6,108.7,108.3,110.1,-1.7,-1.5,0.603,1.64,17.0,0.273,0.734,0.503,0.142,0.519,0.555,101.4,99.6,83.0,8216,0.492,1,1,1,1,1,1,1,1,1,1,1,1,1,1,1,1,1,1,1,Dallas Mavericks
66,Overall,2018-19,2018-19,82,54,28,0.659,3946.0,109.8,112.1,106.8,108.1,3.0,4.0,0.653,2.04,19.3,0.308,0.744,0.524,0.136,0.527,0.558,100.1,98.49,82.08,8096,0.524,1,1,1,1,1,1,1,1,1,1,1,1,1,1,1,1,1,1,1,Denver Nuggets
67,Overall,2018-19,2018-19,82,57,25,0.695,3961.0,113.9,115.0,106.5,108.6,7.5,6.5,0.668,2.06,20.4,0.257,0.727,0.505,0.139,0.565,0.596,103.2,101.74,84.78,8390,0.546,1,1,1,1,1,1,1,1,1,1,1,1,1,1,1,1,1,1,1,Golden State Warriors
68,Overall,2018-19,2018-19,82,53,29,0.646,3966.0,112.5,114.9,107.9,110.1,4.6,4.8,0.541,1.59,15.9,0.269,0.7,0.481,0.135,0.542,0.581,100.4,98.39,81.99,8130,0.498,1,1,1,1,1,1,1,1,1,1,1,1,1,1,1,1,1,1,1,Houston Rockets
69,Overall,2018-19,2018-19,82,48,34,0.585,3966.0,109.7,111.4,109.0,110.4,0.7,1.0,0.582,1.65,17.1,0.263,0.722,0.5,0.141,0.529,0.575,104.1,102.66,85.55,8475,0.505,1,1,1,1,1,1,1,1,1,1,1,1,1,1,1,1,1,1,1,Los Angeles Clippers
70,Overall,2018-19,2018-19,82,37,45,0.451,3956.0,105.2,107.4,107.3,108.9,-2.1,-1.6,0.6,1.63,17.8,0.27,0.725,0.502,0.15,0.527,0.554,105.5,103.6,86.33,8534,0.495,1,1,1,1,1,1,1,1,1,1,1,1,1,1,1,1,1,1,1,Los Angeles Lakers
71,Overall,2018-19,2018-19,82,39,43,0.476,3946.0,104.6,106.7,105.1,107.1,-0.6,-0.4,0.612,1.65,17.6,0.291,0.731,0.509,0.149,0.515,0.542,100.7,98.73,82.28,8122,0.501,1,1,1,1,1,1,1,1,1,1,1,1,1,1,1,1,1,1,1,Miami Heat
72,Overall,2018-19,2018-19,82,60,22,0.732,3956.0,111.5,113.5,103.0,104.9,8.5,8.6,0.601,1.88,18.3,0.25,0.757,0.516,0.133,0.55,0.583,105.4,103.57,86.31,8533,0.553,1,1,1,1,1,1,1,1,1,1,1,1,1,1,1,1,1,1,1,Milwaukee Bucks
73,Overall,2018-19,2018-19,82,36,46,0.439,3966.0,108.4,110.6,110.2,112.2,-1.9,-1.6,0.591,1.88,17.4,0.292,0.709,0.497,0.129,0.511,0.552,102.8,100.88,84.07,8341,0.498,1,1,1,1,1,1,1,1,1,1,1,1,1,1,1,1,1,1,1,Minnesota Timberwolves
74,Overall,2018-19,2018-19,82,42,40,0.512,3996.0,106.9,108.9,107.0,109.0,-0.1,-0.1,0.592,1.58,16.9,0.282,0.72,0.501,0.146,0.52,0.556,103.4,101.52,84.6,8452,0.492,1,1,1,1,1,1,1,1,1,1,1,1,1,1,1,1,1,1,1,Brooklyn Nets
75,Overall,2018-19,2018-19,82,17,65,0.207,3956.0,102.1,104.0,110.9,112.9,-8.8,-8.9,0.525,1.43,14.9,0.264,0.717,0.486,0.14,0.49,0.529,102.0,100.16,83.46,8244,0.442,1,1,1,1,1,1,1,1,1,1,1,1,1,1,1,1,1,1,1,New York Knicks
76,Overall,2018-19,2018-19,82,42,40,0.512,3956.0,106.5,108.2,105.8,107.6,0.8,0.6,0.632,1.94,18.6,0.259,0.754,0.504,0.133,0.518,0.55,100.3,98.65,82.21,8133,0.508,1,1,1,1,1,1,1,1,1,1,1,1,1,1,1,1,1,1,1,Orlando Magic
77,Overall,2018-19,2018-19,82,48,34,0.585,3941.0,107.3,109.4,104.2,106.0,3.1,3.4,0.628,1.9,18.9,0.269,0.722,0.499,0.139,0.53,0.561,100.4,98.64,82.2,8097,0.527,1,1,1,1,1,1,1,1,1,1,1,1,1,1,1,1,1,1,1,Indiana Pacers
78,Overall,2018-19,2018-19,82,51,31,0.622,3961.0,110.4,111.6,107.1,109.0,3.3,2.6,0.648,1.8,18.7,0.278,0.741,0.517,0.144,0.532,0.574,104.0,102.59,85.49,8467,0.529,1,1,1,1,1,1,1,1,1,1,1,1,1,1,1,1,1,1,1,Philadelphia 76ers
79,Overall,2018-19,2018-19,82,19,63,0.232,3976.0,103.6,105.3,112.2,114.2,-8.6,-8.9,0.595,1.53,17.3,0.247,0.683,0.464,0.153,0.514,0.552,102.9,101.15,84.3,8371,0.45,1,1,1,1,1,1,1,1,1,1,1,1,1,1,1,1,1,1,1,Phoenix Suns
80,Overall,2018-19,2018-19,82,53,29,0.646,3971.0,111.4,113.7,108.1,109.5,3.3,4.2,0.544,1.66,16.6,0.308,0.739,0.526,0.137,0.528,0.568,101.6,99.96,83.3,8269,0.521,1,1,1,1,1,1,1,1,1,1,1,1,1,1,1,1,1,1,1,Portland Trail Blazers
81,Overall,2018-19,2018-19,82,39,43,0.476,3946.0,108.3,109.6,108.7,110.8,-0.4,-1.2,0.588,1.9,17.7,0.268,0.713,0.487,0.128,0.524,0.554,105.5,103.88,86.56,8545,0.495,1,1,1,1,1,1,1,1,1,1,1,1,1,1,1,1,1,1,1,Sacramento Kings
82,Overall,2018-19,2018-19,82,48,34,0.585,3961.0,111.1,112.2,108.3,110.6,2.8,1.6,0.58,2.03,18.1,0.246,0.744,0.501,0.122,0.534,0.572,100.4,98.88,82.4,8162,0.516,1,1,1,1,1,1,1,1,1,1,1,1,1,1,1,1,1,1,1,San Antonio Spurs
83,Overall,2018-19,2018-19,82,49,33,0.598,3971.0,107.6,109.8,104.7,106.5,2.9,3.4,0.548,1.67,16.3,0.298,0.738,0.509,0.134,0.514,0.545,105.3,103.38,86.15,8549,0.506,1,1,1,1,1,1,1,1,1,1,1,1,1,1,1,1,1,1,1,Oklahoma City Thunder
84,Overall,2018-19,2018-19,82,58,24,0.707,3976.0,110.9,112.6,104.3,106.8,6.5,5.8,0.603,1.81,18.2,0.265,0.726,0.502,0.138,0.543,0.579,102.5,100.51,83.76,8334,0.533,1,1,1,1,1,1,1,1,1,1,1,1,1,1,1,1,1,1,1,Toronto Raptors
85,Overall,2018-19,2018-19,82,50,32,0.61,3951.0,108.8,110.3,103.2,105.3,5.5,5.0,0.644,1.72,18.5,0.275,0.759,0.522,0.149,0.538,0.572,102.5,100.84,84.03,8308,0.539,1,1,1,1,1,1,1,1,1,1,1,1,1,1,1,1,1,1,1,Utah Jazz
86,Overall,2018-19,2018-19,82,33,49,0.402,3976.0,103.8,105.6,106.2,108.0,-2.4,-2.4,0.631,1.71,17.9,0.247,0.724,0.484,0.143,0.508,0.548,98.8,97.15,80.96,8038,0.49,1,1,1,1,1,1,1,1,1,1,1,1,1,1,1,1,1,1,1,Memphis Grizzlies
87,Overall,2018-19,2018-19,82,32,50,0.39,3986.0,108.6,110.2,111.3,112.9,-2.7,-2.7,0.623,1.87,18.4,0.252,0.706,0.477,0.136,0.531,0.567,103.7,102.23,85.19,8486,0.487,1,1,1,1,1,1,1,1,1,1,1,1,1,1,1,1,1,1,1,Washington Wizards
88,Overall,2018-19,2018-19,82,41,41,0.5,3971.0,106.1,108.4,106.9,108.7,-0.7,-0.3,0.579,1.63,16.5,0.291,0.745,0.509,0.14,0.509,0.544,99.7,97.88,81.57,8101,0.482,1,1,1,1,1,1,1,1,1,1,1,1,1,1,1,1,1,1,1,Detroit Pistons
89,Overall,2018-19,2018-19,82,39,43,0.476,3966.0,108.3,110.7,110.2,112.0,-1.8,-1.3,0.578,1.9,17.0,0.268,0.731,0.495,0.122,0.514,0.554,101.1,99.18,82.65,8202,0.486,1,1,1,1,1,1,1,1,1,1,1,1,1,1,1,1,1,1,1,Charlotte Hornets
90,Overall,2019-20,2019-20,67,20,47,0.299,3256.0,104.3,107.0,112.3,114.4,-8.0,-7.4,0.589,1.48,16.9,0.267,0.708,0.484,0.155,0.515,0.554,105.6,103.28,86.06,6999,0.454,1,1,1,1,1,1,1,1,1,1,1,1,1,1,1,1,1,1,1,Atlanta Hawks
91,Overall,2019-20,2019-20,72,48,24,0.667,3486.0,110.4,112.8,104.5,106.5,6.0,6.3,0.557,1.66,16.7,0.283,0.731,0.509,0.137,0.531,0.57,101.9,99.92,83.27,7255,0.531,1,1,1,1,1,1,1,1,1,1,1,1,1,1,1,1,1,1,1,Boston Celtics
92,Overall,2019-20,2019-20,65,19,46,0.292,3145.0,104.4,106.9,113.6,114.8,-9.2,-7.9,0.573,1.4,16.8,0.296,0.738,0.512,0.165,0.522,0.553,100.9,99.17,82.65,6497,0.453,1,1,1,1,1,1,1,1,1,1,1,1,1,1,1,1,1,1,1,Cleveland Cavaliers
93,Overall,2019-20,2019-20,72,30,42,0.417,3486.0,108.0,110.5,109.4,111.8,-1.4,-1.3,0.63,1.64,18.4,0.287,0.729,0.508,0.156,0.539,0.568,106.3,103.89,86.57,7548,0.495,1,1,1,1,1,1,1,1,1,1,1,1,1,1,1,1,1,1,1,New Orleans Pelicans
94,Overall,2019-20,2019-20,65,22,43,0.338,3135.0,104.1,105.8,107.7,108.9,-3.6,-3.1,0.587,1.5,16.9,0.267,0.719,0.481,0.153,0.515,0.547,101.9,100.46,83.71,6563,0.466,1,1,1,1,1,1,1,1,1,1,1,1,1,1,1,1,1,1,1,Chicago Bulls
95,Overall,2019-20,2019-20,75,43,32,0.573,3635.0,113.7,115.9,109.5,111.2,4.2,4.8,0.592,1.94,17.7,0.275,0.74,0.509,0.126,0.545,0.581,101.7,99.89,83.24,7569,0.521,1,1,1,1,1,1,1,1,1,1,1,1,1,1,1,1,1,1,1,Dallas Mavericks
96,Overall,2019-20,2019-20,73,46,27,0.63,3549.0,110.1,112.6,108.6,110.4,1.5,2.2,0.636,1.94,19.1,0.294,0.725,0.509,0.139,0.535,0.567,99.5,97.64,81.37,7217,0.517,1,1,1,1,1,1,1,1,1,1,1,1,1,1,1,1,1,1,1,Denver Nuggets
97,Overall,2019-20,2019-20,65,15,50,0.231,3145.0,102.9,104.4,110.9,113.0,-8.0,-8.6,0.663,1.72,18.2,0.255,0.722,0.481,0.146,0.497,0.54,102.7,101.04,84.2,6623,0.462,1,1,1,1,1,1,1,1,1,1,1,1,1,1,1,1,1,1,1,Golden State Warriors
98,Overall,2019-20,2019-20,72,44,28,0.611,3476.0,110.3,112.5,107.4,109.8,2.9,2.7,0.53,1.47,15.5,0.249,0.713,0.48,0.14,0.537,0.578,106.3,104.04,86.7,7539,0.494,1,1,1,1,1,1,1,1,1,1,1,1,1,1,1,1,1,1,1,Houston Rockets
99,Overall,2019-20,2019-20,72,49,23,0.681,3476.0,111.1,113.3,105.3,106.9,5.7,6.3,0.571,1.63,16.9,0.278,0.737,0.515,0.142,0.535,0.577,103.9,102.16,85.13,7396,0.532,1,1,1,1,1,1,1,1,1,1,1,1,1,1,1,1,1,1,1,Los Angeles Clippers
100,Overall,2019-20,2019-20,71,52,19,0.732,3418.0,109.6,111.7,103.8,106.1,5.8,5.6,0.6,1.67,18.0,0.283,0.737,0.512,0.149,0.542,0.573,103.3,101.2,84.33,7211,0.539,1,1,1,1,1,1,1,1,1,1,1,1,1,1,1,1,1,1,1,Los Angeles Lakers
101,Overall,2019-20,2019-20,73,44,29,0.603,3549.0,110.0,111.9,107.2,109.3,2.8,2.7,0.657,1.74,18.8,0.257,0.753,0.512,0.149,0.547,0.587,100.5,98.7,82.25,7306,0.525,1,1,1,1,1,1,1,1,1,1,1,1,1,1,1,1,1,1,1,Miami Heat
102,Overall,2019-20,2019-20,73,56,17,0.767,3519.0,110.5,111.9,100.6,102.5,9.9,9.4,0.598,1.71,18.0,0.241,0.775,0.524,0.142,0.552,0.583,107.2,105.51,87.93,7739,0.562,1,1,1,1,1,1,1,1,1,1,1,1,1,1,1,1,1,1,1,Milwaukee Bucks
103,Overall,2019-20,2019-20,64,19,45,0.297,3112.0,105.3,107.6,110.0,111.6,-4.7,-4.0,0.59,1.55,16.7,0.264,0.731,0.488,0.146,0.514,0.551,105.9,103.94,86.62,6736,0.472,1,1,1,1,1,1,1,1,1,1,1,1,1,1,1,1,1,1,1,Minnesota Timberwolves
104,Overall,2019-20,2019-20,72,35,37,0.486,3496.0,106.0,108.7,107.1,109.2,-1.1,-0.5,0.606,1.6,17.3,0.28,0.736,0.511,0.148,0.52,0.554,104.0,101.7,84.75,7404,0.5,1,1,1,1,1,1,1,1,1,1,1,1,1,1,1,1,1,1,1,Brooklyn Nets
105,Overall,2019-20,2019-20,66,21,45,0.318,3193.0,103.8,105.9,110.6,112.4,-6.8,-6.5,0.552,1.54,16.0,0.3,0.742,0.513,0.143,0.501,0.531,100.9,99.11,82.59,6594,0.461,1,1,1,1,1,1,1,1,1,1,1,1,1,1,1,1,1,1,1,New York Knicks
106,Overall,2019-20,2019-20,73,33,40,0.452,3514.0,106.1,107.9,107.1,109.2,-1.0,-1.3,0.608,1.86,17.5,0.267,0.749,0.5,0.129,0.506,0.544,100.9,98.99,82.49,7255,0.496,1,1,1,1,1,1,1,1,1,1,1,1,1,1,1,1,1,1,1,Orlando Magic
107,Overall,2019-20,2019-20,73,45,28,0.616,3524.0,107.9,109.5,105.1,107.5,2.9,1.9,0.614,1.95,18.9,0.243,0.718,0.487,0.132,0.534,0.565,101.3,99.41,82.84,7299,0.52,1,1,1,1,1,1,1,1,1,1,1,1,1,1,1,1,1,1,1,Indiana Pacers
108,Overall,2019-20,2019-20,73,43,30,0.589,3519.0,109.1,110.7,106.3,108.4,2.8,2.3,0.628,1.82,18.5,0.281,0.753,0.516,0.142,0.534,0.566,101.3,99.59,82.99,7304,0.523,1,1,1,1,1,1,1,1,1,1,1,1,1,1,1,1,1,1,1,Philadelphia 76ers
109,Overall,2019-20,2019-20,73,34,39,0.466,3519.0,109.7,111.3,108.4,110.8,1.4,0.5,0.661,1.84,19.2,0.261,0.734,0.498,0.145,0.532,0.576,103.7,101.74,84.79,7449,0.512,1,1,1,1,1,1,1,1,1,1,1,1,1,1,1,1,1,1,1,Phoenix Suns
110,Overall,2019-20,2019-20,74,35,39,0.473,3567.0,111.1,113.2,111.8,114.3,-0.7,-1.1,0.488,1.61,15.2,0.266,0.712,0.492,0.126,0.533,0.57,103.2,101.17,84.31,7519,0.486,1,1,1,1,1,1,1,1,1,1,1,1,1,1,1,1,1,1,1,Portland Trail Blazers
111,Overall,2019-20,2019-20,72,31,41,0.431,3491.0,107.8,109.5,109.6,111.4,-1.8,-1.9,0.582,1.64,17.4,0.258,0.736,0.492,0.144,0.534,0.566,101.2,99.6,83.0,7239,0.479,1,1,1,1,1,1,1,1,1,1,1,1,1,1,1,1,1,1,1,Sacramento Kings
112,Overall,2019-20,2019-20,71,32,39,0.451,3443.0,110.4,111.7,110.9,112.6,-0.5,-0.9,0.585,1.96,17.9,0.233,0.751,0.495,0.123,0.531,0.572,102.6,101.14,84.29,7249,0.502,1,1,1,1,1,1,1,1,1,1,1,1,1,1,1,1,1,1,1,San Antonio Spurs
113,Overall,2019-20,2019-20,72,44,28,0.611,3486.0,108.4,110.1,106.3,108.1,2.1,2.1,0.543,1.58,16.3,0.241,0.728,0.492,0.137,0.53,0.573,101.1,99.42,82.85,7218,0.519,1,1,1,1,1,1,1,1,1,1,1,1,1,1,1,1,1,1,1,Oklahoma City Thunder
114,Overall,2019-20,2019-20,72,53,19,0.736,3476.0,109.0,110.8,102.0,104.7,7.0,6.1,0.627,1.7,18.1,0.256,0.721,0.496,0.146,0.536,0.574,103.3,101.19,84.32,7328,0.53,1,1,1,1,1,1,1,1,1,1,1,1,1,1,1,1,1,1,1,Toronto Raptors
115,Overall,2019-20,2019-20,72,44,28,0.611,3471.0,110.0,111.8,107.4,109.3,2.6,2.5,0.56,1.48,16.8,0.261,0.746,0.512,0.152,0.549,0.585,100.8,99.15,82.62,7169,0.513,1,1,1,1,1,1,1,1,1,1,1,1,1,1,1,1,1,1,1,Utah Jazz
116,Overall,2019-20,2019-20,73,34,39,0.466,3514.0,106.9,108.7,107.5,109.7,-0.6,-1.0,0.633,1.77,18.7,0.271,0.733,0.506,0.147,0.528,0.561,105.3,103.31,86.1,7562,0.507,1,1,1,1,1,1,1,1,1,1,1,1,1,1,1,1,1,1,1,Memphis Grizzlies
117,Overall,2019-20,2019-20,72,25,47,0.347,3471.0,108.2,110.2,112.7,114.7,-4.5,-4.5,0.602,1.77,17.6,0.262,0.712,0.478,0.136,0.523,0.562,105.2,103.38,86.15,7475,0.473,1,1,1,1,1,1,1,1,1,1,1,1,1,1,1,1,1,1,1,Washington Wizards
118,Overall,2019-20,2019-20,66,20,46,0.303,3193.0,106.1,108.8,110.4,112.3,-4.3,-3.5,0.612,1.58,17.7,0.277,0.717,0.493,0.155,0.529,0.561,99.9,97.86,81.55,6507,0.473,1,1,1,1,1,1,1,1,1,1,1,1,1,1,1,1,1,1,1,Detroit Pistons
119,Overall,2019-20,2019-20,65,23,42,0.354,3150.0,103.9,105.9,110.6,112.8,-6.8,-7.0,0.639,1.63,17.7,0.28,0.706,0.486,0.15,0.504,0.539,98.1,96.24,80.2,6317,0.455,1,1,1,1,1,1,1,1,1,1,1,1,1,1,1,1,1,1,1,Charlotte Hornets
120,Overall,2020-21,2020-21,72,41,31,0.569,3481.0,113.0,114.3,110.6,112.1,2.5,2.2,0.591,1.82,17.6,0.284,0.742,0.516,0.133,0.539,0.581,99.9,98.68,82.23,7160,0.511,1,1,1,1,1,1,1,1,1,1,1,1,1,1,1,1,1,1,1,Atlanta Hawks
121,Overall,2020-21,2020-21,72,36,36,0.5,3476.0,111.0,113.1,110.0,111.8,0.9,1.2,0.566,1.67,17.1,0.289,0.737,0.51,0.141,0.543,0.574,100.7,98.94,82.45,7172,0.501,1,1,1,1,1,1,1,1,1,1,1,1,1,1,1,1,1,1,1,Boston Celtics
122,Overall,2020-21,2020-21,72,22,50,0.306,3486.0,103.1,105.2,112.1,113.5,-8.9,-8.3,0.618,1.54,17.5,0.28,0.729,0.499,0.157,0.508,0.543,99.6,97.96,81.64,7107,0.46,1,1,1,1,1,1,1,1,1,1,1,1,1,1,1,1,1,1,1,Cleveland Cavaliers
123,Overall,2020-21,2020-21,72,31,41,0.431,3486.0,110.8,113.0,111.6,113.3,-0.7,-0.3,0.612,1.78,18.3,0.302,0.755,0.527,0.144,0.537,0.57,102.3,100.54,83.79,7303,0.508,1,1,1,1,1,1,1,1,1,1,1,1,1,1,1,1,1,1,1,New Orleans Pelicans
124,Overall,2020-21,2020-21,72,31,41,0.431,3476.0,108.7,110.4,109.9,111.5,-1.2,-1.1,0.635,1.77,19.2,0.267,0.767,0.519,0.151,0.547,0.575,101.1,99.58,82.99,7220,0.499,1,1,1,1,1,1,1,1,1,1,1,1,1,1,1,1,1,1,1,Chicago Bulls
125,Overall,2020-21,2020-21,72,42,30,0.583,3461.0,112.9,114.6,110.4,112.3,2.5,2.3,0.557,1.9,17.2,0.253,0.734,0.496,0.123,0.55,0.582,99.5,97.94,81.62,7062,0.51,1,1,1,1,1,1,1,1,1,1,1,1,1,1,1,1,1,1,1,Dallas Mavericks
126,Overall,2020-21,2020-21,72,47,25,0.653,3496.0,114.2,116.3,110.0,111.5,4.2,4.8,0.621,1.99,19.3,0.292,0.751,0.522,0.136,0.557,0.588,99.3,97.74,81.45,7123,0.525,1,1,1,1,1,1,1,1,1,1,1,1,1,1,1,1,1,1,1,Denver Nuggets
127,Overall,2020-21,2020-21,72,39,33,0.542,3461.0,108.8,110.5,107.7,109.4,1.1,1.1,0.67,1.84,19.6,0.222,0.727,0.48,0.146,0.551,0.583,104.4,102.81,85.67,7412,0.51,1,1,1,1,1,1,1,1,1,1,1,1,1,1,1,1,1,1,1,Golden State Warriors
128,Overall,2020-21,2020-21,72,17,55,0.236,3461.0,104.9,107.0,112.4,114.4,-7.5,-7.4,0.601,1.6,17.2,0.24,0.723,0.474,0.145,0.521,0.553,103.6,101.69,84.74,7320,0.451,1,1,1,1,1,1,1,1,1,1,1,1,1,1,1,1,1,1,1,Houston Rockets
129,Overall,2020-21,2020-21,72,47,25,0.653,3456.0,115.2,116.7,108.7,110.6,6.6,6.1,0.584,1.85,18.1,0.27,0.754,0.518,0.135,0.564,0.599,99.1,97.63,81.35,7036,0.53,1,1,1,1,1,1,1,1,1,1,1,1,1,1,1,1,1,1,1,Los Angeles Clippers
130,Overall,2020-21,2020-21,72,42,30,0.583,3491.0,107.5,109.8,104.8,106.8,2.7,2.9,0.607,1.62,18.0,0.269,0.748,0.511,0.152,0.536,0.569,100.8,98.85,82.37,7184,0.517,1,1,1,1,1,1,1,1,1,1,1,1,1,1,1,1,1,1,1,Los Angeles Lakers
131,Overall,2020-21,2020-21,72,40,32,0.556,3476.0,109.1,110.6,108.5,110.7,0.6,-0.1,0.671,1.87,19.5,0.24,0.733,0.491,0.144,0.546,0.581,98.7,97.09,80.91,7036,0.509,1,1,1,1,1,1,1,1,1,1,1,1,1,1,1,1,1,1,1,Miami Heat
132,Overall,2020-21,2020-21,72,46,26,0.639,3466.0,114.7,116.5,109.1,110.7,5.5,5.8,0.569,1.84,18.0,0.269,0.755,0.519,0.134,0.566,0.593,104.4,102.85,85.71,7423,0.533,1,1,1,1,1,1,1,1,1,1,1,1,1,1,1,1,1,1,1,Milwaukee Bucks
133,Overall,2020-21,2020-21,72,23,49,0.319,3481.0,107.0,109.3,112.1,114.5,-5.2,-5.3,0.63,1.8,18.0,0.271,0.717,0.484,0.139,0.52,0.555,104.1,101.96,84.96,7389,0.469,1,1,1,1,1,1,1,1,1,1,1,1,1,1,1,1,1,1,1,Minnesota Timberwolves
134,Overall,2020-21,2020-21,72,48,24,0.667,3481.0,116.3,117.3,110.6,113.1,5.7,4.2,0.621,1.98,19.3,0.252,0.726,0.503,0.134,0.575,0.61,101.8,100.27,83.56,7280,0.532,1,1,1,1,1,1,1,1,1,1,1,1,1,1,1,1,1,1,1,Brooklyn Nets
135,Overall,2020-21,2020-21,72,41,31,0.569,3486.0,108.2,110.2,105.7,107.8,2.5,2.4,0.543,1.65,16.3,0.264,0.738,0.505,0.133,0.524,0.559,98.2,96.32,80.27,6994,0.502,1,1,1,1,1,1,1,1,1,1,1,1,1,1,1,1,1,1,1,New York Knicks
136,Overall,2020-21,2020-21,72,21,51,0.292,3466.0,102.9,104.6,112.1,113.9,-9.2,-9.3,0.57,1.7,16.3,0.252,0.744,0.488,0.129,0.49,0.527,100.8,99.17,82.64,7158,0.45,1,1,1,1,1,1,1,1,1,1,1,1,1,1,1,1,1,1,1,Orlando Magic
137,Overall,2020-21,2020-21,72,34,38,0.472,3491.0,109.9,111.9,109.6,111.9,0.3,0.1,0.633,2.02,19.2,0.247,0.701,0.476,0.131,0.542,0.575,104.0,102.05,85.04,7419,0.502,1,1,1,1,1,1,1,1,1,1,1,1,1,1,1,1,1,1,1,Indiana Pacers
138,Overall,2020-21,2020-21,72,49,23,0.681,3486.0,110.8,112.5,105.1,107.0,5.7,5.5,0.572,1.64,17.2,0.277,0.737,0.511,0.143,0.541,0.579,101.8,100.12,83.43,7272,0.536,1,1,1,1,1,1,1,1,1,1,1,1,1,1,1,1,1,1,1,Philadelphia 76ers
139,Overall,2020-21,2020-21,72,51,21,0.708,3496.0,114.9,116.3,108.8,110.4,6.1,5.9,0.622,2.15,19.6,0.248,0.741,0.5,0.126,0.564,0.597,99.3,98.0,81.67,7137,0.534,1,1,1,1,1,1,1,1,1,1,1,1,1,1,1,1,1,1,1,Phoenix Suns
140,Overall,2020-21,2020-21,72,42,30,0.583,3461.0,114.9,117.1,113.4,115.3,1.5,1.8,0.515,1.92,15.9,0.273,0.731,0.495,0.112,0.54,0.577,100.8,98.97,82.48,7137,0.493,1,1,1,1,1,1,1,1,1,1,1,1,1,1,1,1,1,1,1,Portland Trail Blazers
141,Overall,2020-21,2020-21,72,31,41,0.431,3461.0,111.1,112.7,114.6,116.5,-3.5,-3.8,0.599,1.91,18.4,0.253,0.713,0.482,0.133,0.549,0.578,102.2,100.71,83.92,7266,0.481,1,1,1,1,1,1,1,1,1,1,1,1,1,1,1,1,1,1,1,Sacramento Kings
142,Overall,2020-21,2020-21,72,33,39,0.458,3496.0,108.6,110.5,110.7,112.0,-2.1,-1.5,0.584,2.14,17.9,0.243,0.733,0.485,0.113,0.517,0.554,101.0,99.45,82.87,7236,0.493,1,1,1,1,1,1,1,1,1,1,1,1,1,1,1,1,1,1,1,San Antonio Spurs
143,Overall,2020-21,2020-21,72,22,50,0.306,3471.0,101.3,102.8,111.9,113.4,-10.5,-10.6,0.568,1.37,16.1,0.254,0.742,0.494,0.158,0.509,0.539,103.1,101.61,84.67,7353,0.442,1,1,1,1,1,1,1,1,1,1,1,1,1,1,1,1,1,1,1,Oklahoma City Thunder
144,Overall,2020-21,2020-21,72,27,45,0.375,3461.0,109.3,111.6,109.8,112.0,-0.5,-0.4,0.607,1.82,17.7,0.256,0.716,0.479,0.133,0.529,0.567,101.6,99.57,82.98,7177,0.486,1,1,1,1,1,1,1,1,1,1,1,1,1,1,1,1,1,1,1,Toronto Raptors
145,Overall,2020-21,2020-21,72,52,20,0.722,3471.0,115.1,116.5,105.7,107.5,9.4,9.0,0.573,1.66,17.3,0.284,0.757,0.529,0.142,0.563,0.597,100.8,99.37,82.81,7193,0.542,1,1,1,1,1,1,1,1,1,1,1,1,1,1,1,1,1,1,1,Utah Jazz
146,Overall,2020-21,2020-21,72,38,34,0.528,3481.0,109.7,111.7,108.5,110.5,1.2,1.2,0.628,2.03,18.9,0.285,0.736,0.507,0.131,0.528,0.56,102.6,100.77,83.98,7302,0.511,1,1,1,1,1,1,1,1,1,1,1,1,1,1,1,1,1,1,1,Memphis Grizzlies
147,Overall,2020-21,2020-21,72,34,38,0.472,3481.0,108.9,110.7,110.5,112.3,-1.7,-1.6,0.59,1.77,17.8,0.25,0.736,0.494,0.137,0.531,0.569,106.4,104.67,87.22,7585,0.496,1,1,1,1,1,1,1,1,1,1,1,1,1,1,1,1,1,1,1,Washington Wizards
148,Overall,2020-21,2020-21,72,20,52,0.278,3486.0,105.4,107.6,110.3,112.2,-4.9,-4.5,0.626,1.62,17.8,0.267,0.725,0.493,0.151,0.519,0.556,100.1,98.19,81.82,7132,0.473,1,1,1,1,1,1,1,1,1,1,1,1,1,1,1,1,1,1,1,Detroit Pistons
149,Overall,2020-21,2020-21,72,33,39,0.458,3471.0,108.1,110.1,110.6,112.0,-2.5,-1.9,0.672,1.81,19.2,0.276,0.722,0.496,0.149,0.532,0.564,100.6,99.0,82.5,7159,0.489,1,1,1,1,1,1,1,1,1,1,1,1,1,1,1,1,1,1,1,Charlotte Hornets
150,Overall,2021-22,2021-22,82,43,39,0.524,3941.0,114.0,115.4,112.1,113.7,1.9,1.6,0.593,2.08,18.1,0.269,0.731,0.501,0.12,0.543,0.581,100.0,98.67,82.22,8099,0.509,1,1,1,1,1,1,1,1,1,1,1,1,1,1,1,1,1,1,1,Atlanta Hawks
151,Overall,2021-22,2021-22,82,51,31,0.622,3981.0,112.1,113.6,104.0,106.2,8.1,7.4,0.609,1.82,18.2,0.277,0.725,0.509,0.139,0.542,0.578,99.0,97.26,81.05,8068,0.547,1,1,1,1,1,1,1,1,1,1,1,1,1,1,1,1,1,1,1,Boston Celtics
152,Overall,2021-22,2021-22,82,44,38,0.537,3946.0,109.4,111.0,107.0,108.9,2.4,2.1,0.634,1.75,18.7,0.277,0.724,0.506,0.148,0.538,0.571,98.4,96.83,80.69,7964,0.517,1,1,1,1,1,1,1,1,1,1,1,1,1,1,1,1,1,1,1,Cleveland Cavaliers
153,Overall,2021-22,2021-22,82,36,46,0.439,3951.0,109.0,111.2,110.5,112.0,-1.5,-0.8,0.621,1.78,18.1,0.306,0.742,0.518,0.143,0.517,0.557,99.7,98.02,81.69,8060,0.5,1,1,1,1,1,1,1,1,1,1,1,1,1,1,1,1,1,1,1,New Orleans Pelicans
154,Overall,2021-22,2021-22,82,46,36,0.561,3946.0,111.0,112.7,111.1,113.2,-0.1,-0.5,0.572,1.86,17.8,0.249,0.735,0.495,0.13,0.541,0.579,100.4,98.76,82.3,8124,0.496,1,1,1,1,1,1,1,1,1,1,1,1,1,1,1,1,1,1,1,Chicago Bulls
155,Overall,2021-22,2021-22,82,52,30,0.634,3951.0,110.5,112.5,106.8,109.1,3.7,3.5,0.595,1.87,17.8,0.256,0.733,0.496,0.13,0.538,0.572,97.5,95.64,79.7,7871,0.511,1,1,1,1,1,1,1,1,1,1,1,1,1,1,1,1,1,1,1,Dallas Mavericks
156,Overall,2021-22,2021-22,82,48,34,0.585,3961.0,111.7,113.8,110.3,111.5,1.4,2.3,0.667,1.92,20.0,0.268,0.752,0.515,0.146,0.556,0.59,99.9,98.41,82.01,8123,0.516,1,1,1,1,1,1,1,1,1,1,1,1,1,1,1,1,1,1,1,Denver Nuggets
157,Overall,2021-22,2021-22,82,53,29,0.646,3946.0,110.5,112.1,103.9,106.6,6.5,5.5,0.669,1.82,19.5,0.269,0.736,0.51,0.15,0.552,0.582,100.7,98.74,82.28,8121,0.536,1,1,1,1,1,1,1,1,1,1,1,1,1,1,1,1,1,1,1,Golden State Warriors
158,Overall,2021-22,2021-22,82,20,62,0.244,3951.0,105.4,108.1,114.4,116.4,-9.0,-8.3,0.598,1.43,17.1,0.265,0.71,0.485,0.162,0.534,0.565,103.3,101.16,84.3,8323,0.451,1,1,1,1,1,1,1,1,1,1,1,1,1,1,1,1,1,1,1,Houston Rockets
159,Overall,2021-22,2021-22,82,42,40,0.512,3956.0,107.7,109.5,107.5,109.5,0.2,0.0,0.599,1.75,17.7,0.254,0.706,0.486,0.139,0.531,0.564,100.2,98.51,82.09,8121,0.502,1,1,1,1,1,1,1,1,1,1,1,1,1,1,1,1,1,1,1,Los Angeles Clippers
160,Overall,2021-22,2021-22,82,33,49,0.402,3996.0,107.9,110.0,110.9,112.8,-3.0,-2.9,0.576,1.65,17.3,0.256,0.72,0.49,0.142,0.537,0.567,102.3,100.47,83.73,8360,0.482,1,1,1,1,1,1,1,1,1,1,1,1,1,1,1,1,1,1,1,Los Angeles Lakers
161,Overall,2021-22,2021-22,82,53,29,0.646,3971.0,111.2,113.0,106.3,108.4,4.9,4.5,0.644,1.75,18.8,0.278,0.735,0.51,0.149,0.547,0.584,98.2,96.53,80.44,7987,0.529,1,1,1,1,1,1,1,1,1,1,1,1,1,1,1,1,1,1,1,Miami Heat
162,Overall,2021-22,2021-22,82,51,31,0.622,3951.0,112.5,114.3,109.4,111.1,3.1,3.2,0.572,1.78,17.3,0.269,0.747,0.512,0.133,0.546,0.58,102.2,100.59,83.83,8284,0.516,1,1,1,1,1,1,1,1,1,1,1,1,1,1,1,1,1,1,1,Milwaukee Bucks
163,Overall,2021-22,2021-22,82,46,36,0.561,3956.0,111.3,113.8,109.1,111.0,2.1,2.7,0.617,1.79,18.1,0.284,0.706,0.49,0.141,0.539,0.573,103.5,101.47,84.56,8357,0.504,1,1,1,1,1,1,1,1,1,1,1,1,1,1,1,1,1,1,1,Minnesota Timberwolves
164,Overall,2021-22,2021-22,82,44,38,0.537,3951.0,111.0,113.2,109.6,112.3,1.3,0.9,0.602,1.8,18.3,0.281,0.704,0.499,0.141,0.54,0.576,101.6,99.4,82.83,8177,0.512,1,1,1,1,1,1,1,1,1,1,1,1,1,1,1,1,1,1,1,Brooklyn Nets
165,Overall,2021-22,2021-22,82,37,45,0.451,3956.0,108.0,109.7,107.6,110.2,0.4,-0.4,0.581,1.65,16.4,0.291,0.74,0.512,0.137,0.513,0.55,98.4,96.42,80.35,7958,0.491,1,1,1,1,1,1,1,1,1,1,1,1,1,1,1,1,1,1,1,New York Knicks
166,Overall,2021-22,2021-22,82,22,60,0.268,3956.0,101.8,103.9,110.3,112.1,-8.5,-8.1,0.62,1.64,17.4,0.249,0.735,0.49,0.144,0.503,0.538,101.5,99.71,83.09,8223,0.458,1,1,1,1,1,1,1,1,1,1,1,1,1,1,1,1,1,1,1,Orlando Magic
167,Overall,2021-22,2021-22,82,25,57,0.305,3976.0,109.2,111.9,113.9,115.5,-4.6,-3.6,0.612,1.76,18.1,0.31,0.725,0.512,0.145,0.531,0.564,100.5,98.55,82.13,8166,0.478,1,1,1,1,1,1,1,1,1,1,1,1,1,1,1,1,1,1,1,Indiana Pacers
168,Overall,2021-22,2021-22,82,51,31,0.622,3961.0,111.0,113.0,108.3,110.2,2.7,2.8,0.602,1.89,17.9,0.246,0.724,0.49,0.129,0.534,0.578,98.4,96.71,80.59,7975,0.517,1,1,1,1,1,1,1,1,1,1,1,1,1,1,1,1,1,1,1,Philadelphia 76ers
169,Overall,2021-22,2021-22,82,64,18,0.78,3946.0,112.5,114.2,104.7,106.8,7.8,7.5,0.627,2.12,19.5,0.264,0.728,0.503,0.129,0.549,0.581,102.0,100.26,83.55,8242,0.548,1,1,1,1,1,1,1,1,1,1,1,1,1,1,1,1,1,1,1,Phoenix Suns
170,Overall,2021-22,2021-22,82,27,55,0.329,3946.0,105.5,107.3,114.0,116.3,-8.5,-9.1,0.595,1.58,17.0,0.268,0.721,0.487,0.146,0.515,0.55,100.6,98.74,82.28,8120,0.447,1,1,1,1,1,1,1,1,1,1,1,1,1,1,1,1,1,1,1,Portland Trail Blazers
171,Overall,2021-22,2021-22,82,30,52,0.366,3961.0,107.2,109.6,112.9,114.8,-5.7,-5.2,0.585,1.68,17.3,0.259,0.714,0.484,0.14,0.525,0.561,102.1,100.1,83.41,8252,0.473,1,1,1,1,1,1,1,1,1,1,1,1,1,1,1,1,1,1,1,Sacramento Kings
172,Overall,2021-22,2021-22,82,34,48,0.415,3961.0,109.4,111.9,110.0,111.7,-0.6,0.2,0.646,2.19,19.5,0.281,0.711,0.494,0.126,0.527,0.556,102.4,100.51,83.76,8290,0.51,1,1,1,1,1,1,1,1,1,1,1,1,1,1,1,1,1,1,1,San Antonio Spurs
173,Overall,2021-22,2021-22,82,24,58,0.293,3961.0,102.2,103.8,110.2,111.7,-8.0,-8.0,0.58,1.59,16.4,0.256,0.727,0.487,0.14,0.497,0.53,100.8,99.39,82.83,8198,0.451,1,1,1,1,1,1,1,1,1,1,1,1,1,1,1,1,1,1,1,Oklahoma City Thunder
174,Overall,2021-22,2021-22,82,48,34,0.585,3971.0,109.6,112.1,107.9,109.9,1.7,2.2,0.543,1.77,16.1,0.325,0.714,0.508,0.128,0.51,0.543,98.6,96.63,80.53,8000,0.494,1,1,1,1,1,1,1,1,1,1,1,1,1,1,1,1,1,1,1,Toronto Raptors
175,Overall,2021-22,2021-22,82,49,33,0.598,3946.0,114.0,116.2,107.7,110.0,6.2,6.2,0.552,1.6,16.7,0.3,0.738,0.525,0.143,0.555,0.589,99.5,97.5,81.25,8014,0.528,1,1,1,1,1,1,1,1,1,1,1,1,1,1,1,1,1,1,1,Utah Jazz
176,Overall,2021-22,2021-22,82,56,26,0.683,3956.0,111.6,114.3,106.2,108.9,5.4,5.3,0.597,1.97,17.9,0.338,0.726,0.526,0.13,0.522,0.553,103.1,100.52,83.77,8295,0.53,1,1,1,1,1,1,1,1,1,1,1,1,1,1,1,1,1,1,1,Memphis Grizzlies
177,Overall,2021-22,2021-22,82,35,47,0.427,3966.0,108.9,110.2,111.7,113.6,-2.8,-3.4,0.617,1.91,18.5,0.247,0.731,0.494,0.133,0.532,0.568,99.3,97.8,81.5,8079,0.496,1,1,1,1,1,1,1,1,1,1,1,1,1,1,1,1,1,1,1,Washington Wizards
178,Overall,2021-22,2021-22,82,23,59,0.28,3956.0,103.3,105.6,111.1,113.3,-7.9,-7.7,0.615,1.65,17.1,0.276,0.707,0.481,0.143,0.494,0.533,100.9,98.81,82.34,8141,0.45,1,1,1,1,1,1,1,1,1,1,1,1,1,1,1,1,1,1,1,Detroit Pistons
179,Overall,2021-22,2021-22,82,43,39,0.524,3976.0,111.7,113.6,111.0,113.1,0.7,0.5,0.656,2.12,19.6,0.27,0.706,0.486,0.131,0.544,0.572,102.3,100.52,83.76,8322,0.504,1,1,1,1,1,1,1,1,1,1,1,1,1,1,1,1,1,1,1,Charlotte Hornets
180,Overall,2022-23,2022-23,82,41,41,0.5,3971.0,113.9,115.5,113.6,115.4,0.3,0.1,0.56,1.93,17.6,0.289,0.717,0.5,0.126,0.541,0.579,103.1,101.56,84.63,8407,0.5,1,1,1,1,1,1,1,1,1,1,1,1,1,1,1,1,1,1,1,Atlanta Hawks
181,Overall,2022-23,2022-23,82,57,25,0.695,3996.0,115.7,117.3,108.8,110.6,7.0,6.7,0.632,2.0,19.1,0.255,0.746,0.506,0.133,0.566,0.6,100.6,99.15,82.63,8247,0.534,1,1,1,1,1,1,1,1,1,1,1,1,1,1,1,1,1,1,1,Boston Celtics
182,Overall,2022-23,2022-23,82,51,31,0.622,3976.0,113.7,115.5,107.7,109.9,6.0,5.6,0.6,1.87,18.6,0.273,0.715,0.496,0.137,0.556,0.59,98.0,96.27,80.23,7972,0.531,1,1,1,1,1,1,1,1,1,1,1,1,1,1,1,1,1,1,1,Cleveland Cavaliers
183,Overall,2022-23,2022-23,82,42,40,0.512,3971.0,111.8,113.8,109.9,112.0,1.9,1.9,0.616,1.77,18.5,0.29,0.732,0.512,0.145,0.543,0.582,101.4,99.58,82.98,8239,0.514,1,1,1,1,1,1,1,1,1,1,1,1,1,1,1,1,1,1,1,New Orleans Pelicans
184,Overall,2022-23,2022-23,82,40,42,0.488,3981.0,111.7,112.8,109.4,111.5,2.3,1.3,0.575,1.83,18.1,0.236,0.736,0.493,0.133,0.55,0.587,100.6,99.18,82.65,8225,0.512,1,1,1,1,1,1,1,1,1,1,1,1,1,1,1,1,1,1,1,Chicago Bulls
185,Overall,2022-23,2022-23,82,38,44,0.463,3986.0,114.3,115.9,114.0,116.1,0.3,-0.2,0.573,1.88,17.4,0.226,0.717,0.471,0.124,0.565,0.599,98.8,97.21,81.01,8082,0.487,1,1,1,1,1,1,1,1,1,1,1,1,1,1,1,1,1,1,1,Dallas Mavericks
186,Overall,2022-23,2022-23,82,53,29,0.646,3951.0,115.0,116.8,111.7,113.5,3.3,3.3,0.663,1.99,20.5,0.289,0.727,0.514,0.147,0.573,0.601,100.3,98.74,82.28,8129,0.525,1,1,1,1,1,1,1,1,1,1,1,1,1,1,1,1,1,1,1,Denver Nuggets
187,Overall,2022-23,2022-23,82,44,38,0.537,3966.0,113.5,115.1,111.4,113.4,2.1,1.7,0.691,1.83,20.4,0.277,0.719,0.502,0.158,0.571,0.6,104.2,102.54,85.45,8472,0.51,1,1,1,1,1,1,1,1,1,1,1,1,1,1,1,1,1,1,1,Golden State Warriors
188,Overall,2022-23,2022-23,82,22,60,0.268,3951.0,107.7,110.5,116.9,118.6,-9.2,-8.1,0.551,1.38,16.0,0.344,0.729,0.53,0.162,0.516,0.554,101.8,99.74,83.11,8220,0.457,1,1,1,1,1,1,1,1,1,1,1,1,1,1,1,1,1,1,1,Houston Rockets
189,Overall,2022-23,2022-23,82,44,38,0.537,3966.0,112.4,114.0,112.0,113.6,0.3,0.5,0.581,1.68,17.5,0.273,0.731,0.505,0.143,0.551,0.588,100.2,98.84,82.37,8168,0.498,1,1,1,1,1,1,1,1,1,1,1,1,1,1,1,1,1,1,1,Los Angeles Clippers
190,Overall,2022-23,2022-23,82,43,39,0.524,3976.0,111.8,113.9,111.5,113.2,0.3,0.7,0.589,1.8,17.9,0.269,0.727,0.505,0.137,0.542,0.582,103.6,101.92,84.93,8436,0.511,1,1,1,1,1,1,1,1,1,1,1,1,1,1,1,1,1,1,1,Los Angeles Lakers
191,Overall,2022-23,2022-23,82,44,38,0.537,3961.0,110.4,112.3,110.6,112.8,-0.2,-0.5,0.608,1.77,17.8,0.274,0.733,0.498,0.138,0.53,0.574,98.6,96.76,80.63,7991,0.496,1,1,1,1,1,1,1,1,1,1,1,1,1,1,1,1,1,1,1,Miami Heat
192,Overall,2022-23,2022-23,82,58,24,0.707,3966.0,112.8,114.3,109.4,110.9,3.3,3.4,0.604,1.76,18.1,0.284,0.745,0.521,0.143,0.555,0.583,102.8,101.45,84.54,8389,0.523,1,1,1,1,1,1,1,1,1,1,1,1,1,1,1,1,1,1,1,Milwaukee Bucks
193,Overall,2022-23,2022-23,82,42,40,0.512,3966.0,111.3,113.3,111.1,113.1,0.2,0.2,0.61,1.71,18.6,0.258,0.703,0.485,0.15,0.56,0.592,103.4,101.55,84.62,8383,0.503,1,1,1,1,1,1,1,1,1,1,1,1,1,1,1,1,1,1,1,Minnesota Timberwolves
194,Overall,2022-23,2022-23,82,45,37,0.549,3946.0,113.0,114.6,110.9,113.5,2.1,1.1,0.616,1.86,18.9,0.234,0.689,0.472,0.139,0.562,0.598,100.7,98.77,82.31,8111,0.51,1,1,1,1,1,1,1,1,1,1,1,1,1,1,1,1,1,1,1,Brooklyn Nets
195,Overall,2022-23,2022-23,82,47,35,0.573,3991.0,114.9,117.0,111.8,114.2,3.1,2.8,0.546,1.77,16.6,0.318,0.727,0.521,0.131,0.541,0.577,99.7,97.75,81.46,8134,0.509,1,1,1,1,1,1,1,1,1,1,1,1,1,1,1,1,1,1,1,New York Knicks
196,Overall,2022-23,2022-23,82,34,48,0.415,3956.0,109.0,111.3,111.5,113.7,-2.4,-2.3,0.574,1.54,17.0,0.281,0.73,0.505,0.151,0.532,0.573,101.7,99.66,83.05,8205,0.485,1,1,1,1,1,1,1,1,1,1,1,1,1,1,1,1,1,1,1,Orlando Magic
197,Overall,2022-23,2022-23,82,35,47,0.427,3951.0,111.0,113.8,115.4,117.1,-4.4,-3.3,0.643,1.81,18.9,0.285,0.685,0.482,0.146,0.545,0.581,103.8,101.68,84.73,8377,0.482,1,1,1,1,1,1,1,1,1,1,1,1,1,1,1,1,1,1,1,Indiana Pacers
198,Overall,2022-23,2022-23,82,54,28,0.659,3976.0,115.5,117.0,110.2,112.7,5.2,4.4,0.616,1.84,18.6,0.258,0.721,0.496,0.139,0.563,0.608,99.2,97.44,81.2,8072,0.524,1,1,1,1,1,1,1,1,1,1,1,1,1,1,1,1,1,1,1,Philadelphia 76ers
199,Overall,2022-23,2022-23,82,45,37,0.549,3956.0,112.1,114.5,110.1,112.3,2.1,2.2,0.647,2.01,19.3,0.307,0.714,0.508,0.136,0.535,0.57,100.8,98.83,82.36,8141,0.514,1,1,1,1,1,1,1,1,1,1,1,1,1,1,1,1,1,1,1,Phoenix Suns
200,Overall,2022-23,2022-23,82,33,49,0.402,3946.0,112.0,114.0,116.0,118.0,-4.0,-4.0,0.597,1.67,17.8,0.264,0.709,0.486,0.145,0.549,0.589,101.0,99.25,82.71,8157,0.474,1,1,1,1,1,1,1,1,1,1,1,1,1,1,1,1,1,1,1,Portland Trail Blazers
201,Overall,2022-23,2022-23,82,48,34,0.585,3966.0,117.0,118.6,114.1,116.0,2.9,2.6,0.626,2.02,19.3,0.265,0.731,0.499,0.133,0.572,0.608,102.5,100.99,84.16,8343,0.511,1,1,1,1,1,1,1,1,1,1,1,1,1,1,1,1,1,1,1,Sacramento Kings
202,Overall,2022-23,2022-23,82,22,60,0.268,3971.0,107.2,109.7,117.7,119.6,-10.5,-9.9,0.632,1.78,18.7,0.299,0.709,0.495,0.148,0.525,0.554,104.1,102.07,85.06,8451,0.452,1,1,1,1,1,1,1,1,1,1,1,1,1,1,1,1,1,1,1,San Antonio Spurs
203,Overall,2022-23,2022-23,82,40,42,0.488,3971.0,112.3,114.2,111.4,113.2,0.8,1.0,0.567,1.87,17.2,0.289,0.693,0.487,0.127,0.531,0.57,103.6,101.94,84.95,8435,0.498,1,1,1,1,1,1,1,1,1,1,1,1,1,1,1,1,1,1,1,Oklahoma City Thunder
204,Overall,2022-23,2022-23,82,41,41,0.5,3961.0,112.2,114.6,111.4,113.1,0.8,1.5,0.571,2.05,17.2,0.316,0.721,0.502,0.118,0.517,0.555,99.6,97.85,81.54,8076,0.496,1,1,1,1,1,1,1,1,1,1,1,1,1,1,1,1,1,1,1,Toronto Raptors
205,Overall,2022-23,2022-23,82,37,45,0.451,3961.0,112.7,115.3,113.8,116.0,-1.1,-0.7,0.611,1.69,18.2,0.308,0.711,0.512,0.151,0.547,0.584,103.1,101.02,84.18,8329,0.498,1,1,1,1,1,1,1,1,1,1,1,1,1,1,1,1,1,1,1,Utah Jazz
206,Overall,2022-23,2022-23,82,51,31,0.622,3956.0,112.3,114.7,108.3,110.7,4.0,4.0,0.596,1.91,18.2,0.302,0.711,0.507,0.133,0.54,0.57,103.7,101.5,84.58,8360,0.519,1,1,1,1,1,1,1,1,1,1,1,1,1,1,1,1,1,1,1,Memphis Grizzlies
207,Overall,2022-23,2022-23,82,35,47,0.427,3951.0,111.5,113.7,113.3,114.9,-1.8,-1.2,0.603,1.8,18.5,0.273,0.724,0.505,0.142,0.55,0.585,100.8,99.16,82.63,8161,0.504,1,1,1,1,1,1,1,1,1,1,1,1,1,1,1,1,1,1,1,Washington Wizards
208,Overall,2022-23,2022-23,82,17,65,0.207,3961.0,107.8,109.9,116.1,117.8,-8.2,-7.9,0.581,1.52,16.7,0.292,0.702,0.491,0.15,0.52,0.561,101.6,99.88,83.23,8231,0.449,1,1,1,1,1,1,1,1,1,1,1,1,1,1,1,1,1,1,1,Detroit Pistons
209,Overall,2022-23,2022-23,82,27,55,0.329,3966.0,106.7,108.4,112.6,114.7,-5.9,-6.3,0.609,1.77,17.8,0.276,0.717,0.491,0.139,0.516,0.551,103.3,101.47,84.56,8390,0.473,1,1,1,1,1,1,1,1,1,1,1,1,1,1,1,1,1,1,1,Charlotte Hornets
210,Overall,2023-24,2023-24,82,36,46,0.439,3971.0,114.0,116.4,116.7,118.4,-2.6,-2.0,0.618,1.96,18.4,0.308,0.717,0.504,0.133,0.539,0.576,102.6,100.84,84.03,8339,0.482,1,1,1,1,1,1,1,1,1,1,1,1,1,1,1,1,1,1,1,Atlanta Hawks
211,Overall,2023-24,2023-24,82,64,18,0.78,3966.0,120.2,122.2,109.0,110.6,11.2,11.7,0.613,2.25,19.3,0.287,0.726,0.515,0.121,0.578,0.609,99.5,97.98,81.65,8090,0.555,1,1,1,1,1,1,1,1,1,1,1,1,1,1,1,1,1,1,1,Boston Celtics
212,Overall,2023-24,2023-24,82,48,34,0.585,3961.0,112.8,114.7,109.9,112.1,2.9,2.5,0.671,2.07,20.2,0.274,0.721,0.501,0.138,0.557,0.586,99.5,97.62,81.35,8053,0.519,1,1,1,1,1,1,1,1,1,1,1,1,1,1,1,1,1,1,1,Cleveland Cavaliers
213,Overall,2023-24,2023-24,82,49,33,0.598,3941.0,115.0,116.5,110.1,111.9,5.0,4.6,0.634,2.07,19.4,0.278,0.725,0.505,0.132,0.558,0.591,100.2,98.7,82.25,8101,0.524,1,1,1,1,1,1,1,1,1,1,1,1,1,1,1,1,1,1,1,New Orleans Pelicans
214,Overall,2023-24,2023-24,82,39,43,0.476,3996.0,112.4,114.0,113.2,115.7,-0.8,-1.7,0.594,2.04,18.2,0.291,0.717,0.501,0.124,0.534,0.568,98.6,96.94,80.78,8078,0.493,1,1,1,1,1,1,1,1,1,1,1,1,1,1,1,1,1,1,1,Chicago Bulls
215,Overall,2023-24,2023-24,82,50,32,0.61,3941.0,115.2,117.0,112.6,114.9,2.6,2.1,0.596,2.05,18.5,0.257,0.711,0.485,0.124,0.562,0.592,102.4,100.6,83.83,8263,0.506,1,1,1,1,1,1,1,1,1,1,1,1,1,1,1,1,1,1,1,Dallas Mavericks
216,Overall,2023-24,2023-24,82,57,25,0.695,3941.0,115.6,117.8,110.5,112.3,5.0,5.5,0.669,2.33,20.9,0.3,0.718,0.515,0.13,0.562,0.589,99.1,97.43,81.19,7996,0.533,1,1,1,1,1,1,1,1,1,1,1,1,1,1,1,1,1,1,1,Denver Nuggets
217,Overall,2023-24,2023-24,82,46,36,0.561,3966.0,114.7,116.9,112.4,114.5,2.3,2.4,0.671,2.05,20.1,0.315,0.725,0.521,0.142,0.557,0.586,101.8,99.91,83.26,8261,0.512,1,1,1,1,1,1,1,1,1,1,1,1,1,1,1,1,1,1,1,Golden State Warriors
218,Overall,2023-24,2023-24,82,41,41,0.5,3971.0,111.5,113.7,110.7,112.8,0.9,0.9,0.594,1.95,17.7,0.294,0.722,0.504,0.127,0.529,0.565,101.5,99.59,82.99,8248,0.501,1,1,1,1,1,1,1,1,1,1,1,1,1,1,1,1,1,1,1,Houston Rockets
219,Overall,2023-24,2023-24,82,51,31,0.622,3941.0,116.1,117.9,112.3,114.6,3.9,3.4,0.604,1.95,18.7,0.283,0.705,0.502,0.134,0.561,0.599,99.7,97.93,81.61,8040,0.52,1,1,1,1,1,1,1,1,1,1,1,1,1,1,1,1,1,1,1,Los Angeles Clippers
220,Overall,2023-24,2023-24,82,47,35,0.573,3971.0,113.6,115.4,112.7,114.8,0.9,0.6,0.654,2.04,20.1,0.244,0.725,0.496,0.137,0.566,0.601,103.1,101.38,84.48,8387,0.518,1,1,1,1,1,1,1,1,1,1,1,1,1,1,1,1,1,1,1,Los Angeles Lakers
221,Overall,2023-24,2023-24,82,46,36,0.561,3951.0,111.7,113.3,109.5,111.5,2.2,1.8,0.648,2.04,19.1,0.261,0.734,0.498,0.13,0.538,0.578,98.5,96.88,80.73,7975,0.509,1,1,1,1,1,1,1,1,1,1,1,1,1,1,1,1,1,1,1,Miami Heat
222,Overall,2023-24,2023-24,82,49,33,0.598,3961.0,116.0,117.6,112.8,115.0,3.2,2.6,0.615,2.05,19.0,0.255,0.731,0.499,0.128,0.568,0.601,102.2,100.51,83.76,8295,0.511,1,1,1,1,1,1,1,1,1,1,1,1,1,1,1,1,1,1,1,Milwaukee Bucks
223,Overall,2023-24,2023-24,82,56,26,0.683,3961.0,113.1,114.6,106.2,108.4,6.9,6.3,0.646,1.88,19.3,0.275,0.725,0.508,0.144,0.559,0.594,99.5,97.79,81.49,8081,0.543,1,1,1,1,1,1,1,1,1,1,1,1,1,1,1,1,1,1,1,Minnesota Timberwolves
224,Overall,2023-24,2023-24,82,32,50,0.39,3961.0,110.4,112.4,113.1,115.4,-2.7,-2.9,0.63,1.95,18.6,0.289,0.715,0.497,0.134,0.531,0.561,99.4,97.56,81.3,8050,0.483,1,1,1,1,1,1,1,1,1,1,1,1,1,1,1,1,1,1,1,Brooklyn Nets
225,Overall,2023-24,2023-24,82,50,32,0.61,3946.0,114.1,117.3,111.2,112.4,2.9,4.9,0.59,1.84,17.8,0.333,0.729,0.527,0.138,0.54,0.574,97.8,95.96,79.97,7883,0.515,1,1,1,1,1,1,1,1,1,1,1,1,1,1,1,1,1,1,1,New York Knicks
226,Overall,2023-24,2023-24,82,47,35,0.573,3956.0,110.6,112.9,108.6,110.8,2.0,2.2,0.61,1.68,18.1,0.297,0.737,0.515,0.15,0.541,0.577,99.4,97.37,81.14,8022,0.513,1,1,1,1,1,1,1,1,1,1,1,1,1,1,1,1,1,1,1,Orlando Magic
227,Overall,2023-24,2023-24,82,47,35,0.573,3941.0,117.9,120.5,115.5,117.6,2.5,2.9,0.654,2.38,21.0,0.284,0.7,0.492,0.126,0.578,0.606,104.2,102.16,85.13,8389,0.517,1,1,1,1,1,1,1,1,1,1,1,1,1,1,1,1,1,1,1,Indiana Pacers
228,Overall,2023-24,2023-24,82,47,35,0.573,3956.0,113.8,116.2,111.0,113.0,2.8,3.1,0.6,2.07,18.0,0.292,0.701,0.493,0.122,0.532,0.574,100.1,98.17,81.81,8090,0.506,1,1,1,1,1,1,1,1,1,1,1,1,1,1,1,1,1,1,1,Philadelphia 76ers
229,Overall,2023-24,2023-24,82,49,33,0.598,3956.0,114.9,116.8,111.5,113.7,3.4,3.1,0.637,1.82,19.4,0.292,0.714,0.514,0.15,0.565,0.603,100.8,99.0,82.5,8158,0.527,1,1,1,1,1,1,1,1,1,1,1,1,1,1,1,1,1,1,1,Phoenix Suns
230,Overall,2023-24,2023-24,82,21,61,0.256,3976.0,105.0,107.6,114.5,116.6,-9.5,-9.0,0.587,1.52,16.7,0.32,0.697,0.498,0.154,0.503,0.539,100.0,97.88,81.56,8103,0.434,1,1,1,1,1,1,1,1,1,1,1,1,1,1,1,1,1,1,1,Portland Trail Blazers
231,Overall,2023-24,2023-24,82,46,36,0.561,3971.0,113.8,116.2,112.9,114.4,0.9,1.8,0.654,2.16,19.9,0.285,0.744,0.507,0.131,0.556,0.582,101.1,99.46,82.88,8226,0.5,1,1,1,1,1,1,1,1,1,1,1,1,1,1,1,1,1,1,1,Sacramento Kings
232,Overall,2023-24,2023-24,82,22,60,0.268,3966.0,107.5,109.3,113.8,115.6,-6.3,-6.4,0.712,1.97,20.5,0.269,0.721,0.492,0.148,0.532,0.563,103.5,101.8,84.84,8413,0.48,1,1,1,1,1,1,1,1,1,1,1,1,1,1,1,1,1,1,1,San Antonio Spurs
233,Overall,2023-24,2023-24,82,57,25,0.695,3961.0,117.0,118.3,109.1,111.0,7.9,7.3,0.609,2.14,19.4,0.25,0.698,0.484,0.125,0.573,0.608,102.3,100.85,84.04,8324,0.538,1,1,1,1,1,1,1,1,1,1,1,1,1,1,1,1,1,1,1,Oklahoma City Thunder
234,Overall,2023-24,2023-24,82,25,57,0.305,3961.0,109.8,111.8,115.8,118.1,-6.0,-6.3,0.674,2.04,19.9,0.281,0.694,0.484,0.139,0.535,0.566,101.8,99.91,83.26,8241,0.474,1,1,1,1,1,1,1,1,1,1,1,1,1,1,1,1,1,1,1,Toronto Raptors
235,Overall,2023-24,2023-24,82,31,51,0.378,3961.0,112.0,114.5,117.7,119.6,-5.8,-5.1,0.648,1.74,18.9,0.325,0.717,0.521,0.155,0.539,0.579,102.2,100.26,83.55,8281,0.478,1,1,1,1,1,1,1,1,1,1,1,1,1,1,1,1,1,1,1,Utah Jazz
236,Overall,2023-24,2023-24,82,27,55,0.329,3956.0,104.2,106.8,111.7,113.7,-7.5,-6.9,0.644,1.64,17.9,0.287,0.706,0.488,0.152,0.509,0.543,100.7,98.68,82.23,8128,0.458,1,1,1,1,1,1,1,1,1,1,1,1,1,1,1,1,1,1,1,Memphis Grizzlies
237,Overall,2023-24,2023-24,82,15,67,0.183,3946.0,108.3,110.2,116.8,118.9,-8.5,-8.7,0.65,2.0,19.5,0.24,0.683,0.459,0.136,0.538,0.567,104.9,103.07,85.89,8461,0.454,1,1,1,1,1,1,1,1,1,1,1,1,1,1,1,1,1,1,1,Washington Wizards
238,Overall,2023-24,2023-24,82,14,68,0.171,3951.0,107.2,109.0,116.0,118.0,-8.8,-9.0,0.623,1.67,18.2,0.277,0.73,0.499,0.151,0.526,0.562,102.2,100.45,83.71,8269,0.449,1,1,1,1,1,1,1,1,1,1,1,1,1,1,1,1,1,1,1,Detroit Pistons
239,Overall,2023-24,2023-24,82,21,61,0.256,3946.0,107.1,108.6,117.0,119.2,-9.9,-10.6,0.62,1.8,18.4,0.253,0.709,0.475,0.14,0.529,0.56,99.4,97.81,81.51,8047,0.447,1,1,1,1,1,1,1,1,1,1,1,1,1,1,1,1,1,1,1,Charlotte Hornets
